TIMESTAMP,COLLECTOR,TOPIC,KEYWORDS,ACCOUNT HANDLE,ACCOUNT NAME,ACCOUNT BIO,JOINED,FOLLOWING,FOLLOWERS,LOCATION,RAW DATA,TRANSLATED DATA,DATE POSTED,TWEET URL,CONTENT TYPE,FAVORITES,REPLIES,RETWEETS
18/03/2023 18:40:50 PM,Rey Christian E. Delos Reyes,Red tagging students from state universities,(UPD OR PUP OR DLSU OR Ateneo) AND (Komunista OR NPA OR Elitista) until:2023-01-01 since:2019-01-01,@4MahalimaSB19,4MahalimaSB19,"I'm an SB19 supporter saved by Jesus Christ who is the only way, the truth and the life. Fan account appreciating the boys' exceptional God-given talent.",2022-04-10 04:15:18+00:00,435,320,Republic of the Philippines,"@dyyy_keun @felipsuperior Speaking of gold, the PH has the 2nd largest  gold deposit. Some theorist alludes 2 PH as Solomon's Ophir in the Bible. After thousands of years, we still have one of the largest deposits. Below is a depiction of a 16th century Visayan Noble. 

#FELIP_Bulan 
#FELIP @felipsuperior https://t.co/uI9jrgmJFT",keun Speaking of gold the PH has the 2nd largest gold deposit Some theorist alludes 2 PH as Solomons Ophir in the Bible After thousands of years we still have one of the largest deposits Below is a depiction of a 16th century Visayan Noble FELIPBulan FELIP,2022-06-01 01:14:05+00:00,https://twitter.com/4MahalimaSB19/status/1531806253957099520,"text, hashtags, user_mentions, media",42,1531799523642572800,34
18/03/2023 18:40:51 PM,Rey Christian E. Delos Reyes,Red tagging students from state universities,(UPD OR PUP OR DLSU OR Ateneo) AND (Komunista OR NPA OR Elitista) until:2023-01-01 since:2019-01-01,@carlabrews,Carla Brews,Only Twitter Account| UPLB| PRO Ph | Narrative lang walang personalan | Coffee Enthusiast | Foodie,2022-03-11 04:55:34+00:00,152,2802,Republic of the Philippines,@BisayangIlokano Will check kila Ka Eric pero most students esp from UP or PUP will end up as Cadre ng CPP-NPA-NDF üòí,Will check kila Ka Eric pero most students esp from UP or PUP will end up as Cadre ng CPPNPANDF,2023-02-18 18:52:57+00:00,https://twitter.com/carlabrews/status/1627018349753565184,"text, user_mentions",3,1626951021607129089,1
18/03/2023 18:40:52 PM,Rey Christian E. Delos Reyes,Red tagging students from state universities,(UPD OR PUP OR DLSU OR Ateneo) AND (Komunista OR NPA OR Elitista) until:2023-01-01 since:2019-01-01,@amylauderdake,amylauderdake,,2020-08-10 20:55:53+00:00,18,12,Republic of the Philippines,"@BanatByPh Typical NPA UNIVERSITIES   .... Ateneo, UP. PUP . USTI ARE  BECOMING A  BREADING GROUND   FOR CPP NPA NDF",Typical NPA UNIVERSITIES Ateneo UP PUP USTI ARE BECOMING A BREADING GROUND FOR CPP NPA NDF,2020-11-22 03:56:47+00:00,https://twitter.com/amylauderdake/status/1330359548436246529,"text, user_mentions",2,1329731855571062786,0
18/03/2023 18:40:53 PM,Rey Christian E. Delos Reyes,Red tagging students from state universities,(UPD OR PUP OR DLSU OR Ateneo) AND (Komunista OR NPA OR Elitista) until:2023-01-01 since:2019-01-01,@SamukaNimoUy,-Nessa-,Your Engineer ‚ù§Ô∏èüíöü§ç,2022-01-22 09:24:45+00:00,136,110,Republic of the Philippines,UP and PUP are NPA‚Äôs recruitment hubs.,UP and PUP are NPAs recruitment hubs,2022-05-15 08:37:53+00:00,https://twitter.com/SamukaNimoUy/status/1525757348039389185,text,0,,0
18/03/2023 18:40:54 PM,Rey Christian E. Delos Reyes,Red tagging students from state universities,(UPD OR PUP OR DLSU OR Ateneo) AND (Komunista OR NPA OR Elitista) until:2023-01-01 since:2019-01-01,@Shaider_de,Dai Sawamura,"Pulis Pangkalawan, Space Sheriff",2015-09-26 08:10:38+00:00,60,10,Republic of the Philippines,@News5PH History itself shows that Almost all CPP/NPA Leaders and Members came from UP and PUP in addition to those they have fooled from the Province and Mountains.,History itself shows that Almost all CPPNPA Leaders and Members came from UP and PUP in addition to those they have fooled from the Province and Mountains,2021-01-20 15:58:07+00:00,https://twitter.com/Shaider_de/status/1351921960847101954,"text, user_mentions",2,1351883426274680832,0
18/03/2023 18:40:54 PM,Rey Christian E. Delos Reyes,Red tagging students from state universities,(UPD OR PUP OR DLSU OR Ateneo) AND (Komunista OR NPA OR Elitista) until:2023-01-01 since:2019-01-01,@n4qpu,ÊµúÂ¥é Â§èÊµ∑ üèÖ,"I rant based on my judgment
I also slap onion-skinned milktea wokes
MY TWITTER ACCOUNT, MY RULES!",2019-05-11 17:34:30+00:00,428,498,Republic of the Philippines,"@ninetys16 @Bahaghari_bicol @BahaghariCebu @AnakbayanAlbay @BahaghariBU @Bahaghari_PH @BahaghariNE @BahaghariUPB @bulsu_banyuhay @BahaghariBTG @BahaghariUPD @jabcamsur Tapos ire-recruit nila yung makikita nilang pogi na sundalo at pulis na sumapi sa NPA at magsagawa ng civil disobedience. So entitled brats, mga takam naman sa b*rats üòÇüòÇ",bicol PH banyuhay Tapos irerecruit nila yung makikita nilang pogi na sundalo at pulis na sumapi sa NPA at magsagawa ng civil disobedience So entitled brats mga takam naman sa brats,2021-01-20 10:48:34+00:00,https://twitter.com/n4qpu/status/1351844058935615488,"text, user_mentions",2,1351843402363535360,0
18/03/2023 18:40:55 PM,Rey Christian E. Delos Reyes,Red tagging students from state universities,(UPD OR PUP OR DLSU OR Ateneo) AND (Komunista OR NPA OR Elitista) until:2023-01-01 since:2019-01-01,@JethroGamez,jethjeth ‚ô•Ô∏èüíö,Mahalin natin ang Pilipinas at sama-sama tayong babangon muli. üëäüáµüá≠,2017-02-19 03:36:39+00:00,2248,1940,Republic of the Philippines,"Well, I thought I'm gonna be brainwashed by their tactics but thank God, that 10 hours program is one of the worst in my lifetime.

A state university being controlled by a terrorist entity called CPP-NPA-NDF.",Well I thought Im gonna be brainwashed by their tactics but thank God that 10 hours program is one of the worst in my lifetimeA state university being controlled by a terrorist entity called CPPNPANDF,2020-08-11 11:20:45+00:00,https://twitter.com/JethroGamez/status/1293145325163569152,text,17,1293145323016077318,4
18/03/2023 18:40:56 PM,Rey Christian E. Delos Reyes,Red tagging students from state universities,(UPD OR PUP OR DLSU OR Ateneo) AND (Komunista OR NPA OR Elitista) until:2023-01-01 since:2019-01-01,@samsunguser13,Your Armsüáµüá≠/üá©üá™,"ü§ìü´† 22‚ù§Ô∏èüíö Talks about economic developments, politics, technology & etc. 
ENEMY of Wokes",2021-12-26 14:04:37+00:00,116,51,Republic of the Philippines,@PhilippinePDNS UP terorista what do we expect,UP terorista what do we expect,2022-07-29 06:52:29+00:00,https://twitter.com/samsunguser13/status/1552909911394500608,"text, user_mentions",1,1552623086561665024,0
18/03/2023 18:40:57 PM,Rey Christian E. Delos Reyes,Red tagging students from state universities,(UPD OR PUP OR DLSU OR Ateneo) AND (Komunista OR NPA OR Elitista) until:2023-01-01 since:2019-01-01,@brymac9168,Bryan ‚ù§Ô∏èüíöüáµüá≠,Internet Savvy | Hates summer | loves halloween | Pisces ‚ôì | music lover,2011-10-06 22:23:33+00:00,1005,3033,Republic of the Philippines,@kikopangilinan Ulol kiko. Tinulungan nyong makapasok ang terorista dyan sa UP. TINUNGAN NYONG MAKAPASOK ANG TERORISTA SA STATE UNIVERSITY. SA SKWELAHAN NA PAG AARI NG GOBYERNO. Tapos pinagtatangol mo pa?! Ganyan ka ka ulol.,Ulol kiko Tinulungan nyong makapasok ang terorista dyan sa UP TINUNGAN NYONG MAKAPASOK ANG TERORISTA SA STATE UNIVERSITY SA SKWELAHAN NA PAG AARI NG GOBYERNO Tapos pinagtatangol mo pa Ganyan ka ka ulol,2021-01-18 22:27:39+00:00,https://twitter.com/brymac9168/status/1351295215403864065,"text, user_mentions",22,1351150930792771584,0
18/03/2023 18:40:58 PM,Rey Christian E. Delos Reyes,Red tagging students from state universities,(UPD OR PUP OR DLSU OR Ateneo) AND (Komunista OR NPA OR Elitista) until:2023-01-01 since:2019-01-01,@e_eisaacs,ECS,,2015-08-08 09:00:35+00:00,942,921,Republic of the Philippines,"@IskoMoreno Mayor oo meron tayong pandemya, pero ang kumunistang terorista ay matagal nang epidemya sa lipunan. Paano mo matutulungan ang gobyerno lalo na at maraming state university sa iyong nasasakupan na lantaran ang recruitment sa school,social media at maging sa kalsada?!",Mayor oo meron tayong pandemya pero ang kumunistang terorista ay matagal nang epidemya sa lipunan Paano mo matutulungan ang gobyerno lalo na at maraming state university sa iyong nasasakupan na lantaran ang recruitment sa schoolsocial media at maging sa kalsada,2020-10-23 04:59:05+00:00,https://twitter.com/e_eisaacs/status/1319503590248108032,"text, user_mentions",38,1319183685539692545,3
18/03/2023 18:40:58 PM,Rey Christian E. Delos Reyes,Red tagging students from state universities,(UPD OR PUP OR DLSU OR Ateneo) AND (Komunista OR NPA OR Elitista) until:2023-01-01 since:2019-01-01,@juz_zuri,meowww,Life is what you make it.,2016-03-03 12:36:31+00:00,144,174,Republic of the Philippines,@Iam_Raffy06 Breeding ground ng terorista ang UP,Raffy06 Breeding ground ng terorista ang UP,2022-07-31 07:01:12+00:00,https://twitter.com/juz_zuri/status/1553636881698811904,"text, user_mentions",2,1553571043356381184,0
18/03/2023 18:40:59 PM,Rey Christian E. Delos Reyes,Red tagging students from state universities,(UPD OR PUP OR DLSU OR Ateneo) AND (Komunista OR NPA OR Elitista) until:2023-01-01 since:2019-01-01,@juviagreey,astelle,I used this account for  political purpose and rants . I'm not a troll but a citizen in the Philippines üáµüá≠. For the love of the country,2020-11-15 00:27:36+00:00,61,25,Republic of the Philippines,@bluecthree @Ivee99030596 @Ihaveafreedom Ano naman? Ang daming mga komunistang nirerecruit binabrainwash ayun naging NPA na mga bobong kabataan laking twitter kaya ganyan pag iisip,Ano naman Ang daming mga komunistang nirerecruit binabrainwash ayun naging NPA na mga bobong kabataan laking twitter kaya ganyan pag iisip,2020-11-17 23:34:45+00:00,https://twitter.com/juviagreey/status/1328844051450195968,"text, user_mentions",2,1328843563128344577,0
18/03/2023 18:41:00 PM,Rey Christian E. Delos Reyes,Red tagging students from state universities,(UPD OR PUP OR DLSU OR Ateneo) AND (Komunista OR NPA OR Elitista) until:2023-01-01 since:2019-01-01,@ioannesesledieu,G ·¥Ä  ô  ô  è üå¥ | ùêÖùêàùêãùêàùêèùêàùêçùêé ùêÖùêàùêëùêíùêì,Naturalist üå± ‚Ä¢ Ultra-Nationalist ‚Ä¢ Stoic ‚Ä¢ Marcos Loyalist ‚Ä¢,2015-09-06 16:00:05+00:00,307,223,Republic of the Philippines,"@Alessan39218973 @PhilstarNews @kristinepatag I thought the term ""majority"" should be replaced by the word ""plurality"" by now.

Dilawans even suck at consistency.

6,342,939 people who voted for Diokno is not the majority of 18,847,230 Gen Z voters.

Baka dun sa mga survey ng Universities na breeding grounds ng komunista.",I thought the term majority should be replaced by the word plurality by nowDilawans even suck at consistency6342939 people who voted for Diokno is not the majority of 18847230 Gen Z votersBaka dun sa mga survey ng Universities na breeding grounds ng komunista,2019-07-02 12:07:53+00:00,https://twitter.com/ioannesesledieu/status/1146027711489552384,"text, user_mentions",0,1146018556821196801,0
18/03/2023 18:41:01 PM,Rey Christian E. Delos Reyes,Red tagging students from state universities,(UPD OR PUP OR DLSU OR Ateneo) AND (Komunista OR NPA OR Elitista) until:2023-01-01 since:2019-01-01,@ronylbravo,Ronyl Bravo,Early retirement at 40 is the name of the game. After that I want to spend the rest of my life trying to help people and explore the Philippines.,2010-01-28 03:26:21+00:00,2347,1860,Republic of the Philippines,"""INYONG PAARALAN""?!!! Pagmamay ari po yan ng gobyerno ng Pilipinas. Di sa inyo yan. Anong ibig nyong sabihin forever kayong nasa college at universities? Headquarters na ba yan ng mga komunista at makakaliwang grupo. Paggraduate nyo layas kayo jan. https://t.co/nVLCwZomda",INYONG PAARALAN Pagmamay ari po yan ng gobyerno ng Pilipinas Di sa inyo yan Anong ibig nyong sabihin forever kayong nasa college at universities Headquarters na ba yan ng mga komunista at makakaliwang grupo Paggraduate nyo layas kayo jan,2019-08-13 03:14:43+00:00,https://twitter.com/ronylbravo/status/1161113827775143936,"text, urls",14,,6
18/03/2023 18:41:02 PM,Rey Christian E. Delos Reyes,Red tagging students from state universities,(UPD OR PUP OR DLSU OR Ateneo) AND (Komunista OR NPA OR Elitista) until:2023-01-01 since:2019-01-01,@RomeSantos10,Rome Santos,Gum Sole Sucker,2019-12-05 07:27:24+00:00,1,0,Republic of the Philippines,"@edupunay @PhilippineStar This is goodnews!

First order of the day- SIBAKIN at TANGGALAN NG SCHOLARSHIP ang lahat ng mga tibak at komunista sa UP at mga State Universities.
High time also to audit these deranged professors who are instigators and movers of this crap rallies!
Sayang lang ang tax namin!!!",This is goodnewsFirst order of the day SIBAKIN at TANGGALAN NG SCHOLARSHIP ang lahat ng mga tibak at komunista sa UP at mga State UniversitiesHigh time also to audit these deranged professors who are instigators and movers of this crap ralliesSayang lang ang tax namin,2022-05-11 13:59:17+00:00,https://twitter.com/RomeSantos10/status/1524388680797868032,"text, user_mentions",2,1524347890344230912,0
18/03/2023 18:41:03 PM,Rey Christian E. Delos Reyes,Red tagging students from state universities,(UPD OR PUP OR DLSU OR Ateneo) AND (Komunista OR NPA OR Elitista) until:2023-01-01 since:2019-01-01,@normsterific,Normsterfic ‚ù§üíö‚ù§üíö‚úåÔ∏èüëä,"üôÖdilawan Pink shit
üôÖdrugs
I reactivated and active again in twitter for BBM and Sara Uniteam
üçÜüçëüÜíüîùüáµüá≠üá®üá≥",2014-05-08 10:03:21+00:00,294,239,Republic of the Philippines,@Paps_Caloy @bongbongmarcos @indaysara Kaya wala na sa top 10 university ang UP sa buong Asia dahil rebelde sa gobyerno at bansa eh. Pinapag aral sila ng bayan pero halos lahat komunista at Terorista panay reklamo at atake sa bansa.,Caloy Kaya wala na sa top 10 university ang UP sa buong Asia dahil rebelde sa gobyerno at bansa eh Pinapag aral sila ng bayan pero halos lahat komunista at Terorista panay reklamo at atake sa bansa,2022-07-31 03:12:43+00:00,https://twitter.com/normsterific/status/1553579381590609920,"text, user_mentions",12,1553550971539640320,5
18/03/2023 18:41:03 PM,Rey Christian E. Delos Reyes,Red tagging students from state universities,(UPD OR PUP OR DLSU OR Ateneo) AND (Komunista OR NPA OR Elitista) until:2023-01-01 since:2019-01-01,@MamTessCD,Teresita Curato-Dapoc,,2017-12-17 05:33:19+00:00,1801,1085,Republic of the Philippines,"@missM_028 0po,please for every bodys safety and progress of the country, UBUSIN mga komunista, teroristang, NPA, CPP, NDF wherever they are, In SCUs, Big Universities, Congress, lower and upper house, Mountains, Barrios, Cities in other word InAllPlacesOf PH Archipelago,
#PDU30BestLegacy",028 0poplease for every bodys safety and progress of the country UBUSIN mga komunista teroristang NPA CPP NDF wherever they are In SCUs Big Universities Congress lower and upper house Mountains Barrios Cities in other word InAllPlacesOf PH ArchipelagoPDU30BestLegacy,2020-11-11 15:44:29+00:00,https://twitter.com/MamTessCD/status/1326551378672586754,"text, hashtags",1,1326529915261317120,0
18/03/2023 18:41:04 PM,Rey Christian E. Delos Reyes,Red tagging students from state universities,(UPD OR PUP OR DLSU OR Ateneo) AND (Komunista OR NPA OR Elitista) until:2023-01-01 since:2019-01-01,@ChristianusRick,Ricardo Gobres,"Materials/Procurement Specialist OFW, not a troll real account here. BTS Army and SB19- A' tin. Loves K-drama esp. Historical.",2011-04-16 11:54:49+00:00,1818,1502,Republic of the Philippines,Yung bang pag recruit ng mga Komunista sa UP at iba pang state university upang gawing NPA ang kabataan ay isang Academic Freedom?,Yung bang pag recruit ng mga Komunista sa UP at iba pang state university upang gawing NPA ang kabataan ay isang Academic Freedom,2021-01-20 16:41:13+00:00,https://twitter.com/ChristianusRick/status/1351932807279472644,text,19,,1
18/03/2023 18:41:05 PM,Rey Christian E. Delos Reyes,Red tagging students from state universities,(UPD OR PUP OR DLSU OR Ateneo) AND (Komunista OR NPA OR Elitista) until:2023-01-01 since:2019-01-01,@cnnphilippines,CNN Philippines,News you can trust. @cnnphlife @sportsdeskph,2014-09-15 16:27:24+00:00,383,1865380,Republic of the Philippines,"Duterte to UP students: Fine, maghinto kayo ng aral. I will stop the funding. Wala ng ginawa, kundi mag-recruit ng mga komunista diyan.",Duterte to UP students Fine maghinto kayo ng aral I will stop the funding Wala ng ginawa kundi magrecruit ng mga komunista diyan,2020-11-17 16:02:21+00:00,https://twitter.com/cnnphilippines/status/1328730200226447364,text,6012,1328729931044384768,314
18/03/2023 18:41:06 PM,Rey Christian E. Delos Reyes,Red tagging students from state universities,(UPD OR PUP OR DLSU OR Ateneo) AND (Komunista OR NPA OR Elitista) until:2023-01-01 since:2019-01-01,@Cloud9Ken,Inkie.beatbox,Keep It Strange. Area 51 is my hometown,2018-09-28 13:19:34+00:00,947,139,Republic of the Philippines,"@simazhuge @iamkarendavila Do you even know what the hell the CPP NPA is doing in our country? 

""Bakit ayaw niyo sa komunista?"" What a fucking stupid question. You mean it's okay for them to execute our soldiers, recruit rebels inside our state-funded university?!",Do you even know what the hell the CPP NPA is doing in our country Bakit ayaw niyo sa komunista What a fucking stupid question You mean its okay for them to execute our soldiers recruit rebels inside our statefunded university,2021-04-22 12:49:28+00:00,https://twitter.com/Cloud9Ken/status/1385214169570373636,"text, user_mentions",0,1384940162573012993,0
18/03/2023 18:41:07 PM,Rey Christian E. Delos Reyes,Red tagging students from state universities,(UPD OR PUP OR DLSU OR Ateneo) AND (Komunista OR NPA OR Elitista) until:2023-01-01 since:2019-01-01,@DZMMTeleRadyo,DZMM TeleRadyo,"The Official Twitter news feed of DZMM Radyo Patrol 630, DZMM TeleRadyo and https://t.co/xFP7gFSYYB. Like us on Facebook: https://t.co/FFvpFBOPD0",2009-11-24 02:03:16+00:00,179,1514338,Republic of the Philippines,Pinagbantaan ni Pangulong Duterte na tatanggalan niya ng pondo ang University of the Philippines dahil sa panawagan nitong academic freeze. Binanatan din niya ang unibersidad na nagre-recruit para maging komunista. #HeadlinePilipinas https://t.co/9hs64SiUgn,Pinagbantaan ni Pangulong Duterte na tatanggalan niya ng pondo ang University of the Philippines dahil sa panawagan nitong academic freeze Binanatan din niya ang unibersidad na nagrerecruit para maging komunista HeadlinePilipinas,2020-11-18 06:41:37+00:00,https://twitter.com/DZMMTeleRadyo/status/1328951475008131080,"text, hashtags, media",26,,3
18/03/2023 18:41:07 PM,Rey Christian E. Delos Reyes,Red tagging students from state universities,(UPD OR PUP OR DLSU OR Ateneo) AND (Komunista OR NPA OR Elitista) until:2023-01-01 since:2019-01-01,@tecigurl,Tess Pulido,Inspired to inspire. ‚ú®,2010-04-10 08:36:37+00:00,150,599,Republic of the Philippines,"@MochaUson Kids of OFW's can afford private schools. They experience capitalism and approve of it.

State universities have entrance exams, and the best students pass. These come from the best schools, usually private schools.

Ang problema = mga komunistang nagtuturo sa mga anak natin.",Kids of OFWs can afford private schools They experience capitalism and approve of itState universities have entrance exams and the best students pass These come from the best schools usually private schoolsAng problema mga komunistang nagtuturo sa mga anak natin,2020-02-16 15:40:43+00:00,https://twitter.com/tecigurl/status/1229068096377212930,"text, user_mentions",1980,1229064177660022784,97
18/03/2023 18:41:08 PM,Rey Christian E. Delos Reyes,Red tagging students from state universities,(UPD OR PUP OR DLSU OR Ateneo) AND (Komunista OR NPA OR Elitista) until:2023-01-01 since:2019-01-01,@OlenFrancisco,u370,"wisdom is knowing
when to listen to your heart
in favor of your head",2010-02-07 07:55:03+00:00,1243,641,Republic of the Philippines,@tecigurl @MochaUson Kung tama ang palaki at aral sa mga anak natin hindi dapat madaling mauto. Ng mga nagtuturong komunista man sa UP ayon sa banggit mo. O kaya kay Mocha rin at ni TP. Lalo na ni Duterte‚úå,Kung tama ang palaki at aral sa mga anak natin hindi dapat madaling mauto Ng mga nagtuturong komunista man sa UP ayon sa banggit mo O kaya kay Mocha rin at ni TP Lalo na ni Duterte,2020-02-16 18:15:14+00:00,https://twitter.com/OlenFrancisco/status/1229106982319271937,"text, user_mentions",5,1229068096377212930,0
18/03/2023 18:41:09 PM,Rey Christian E. Delos Reyes,Red tagging students from state universities,(UPD OR PUP OR DLSU OR Ateneo) AND (Komunista OR NPA OR Elitista) until:2023-01-01 since:2019-01-01,@jaforms,jaforms,Inhenyero sa ibang bansa.,2009-07-03 01:46:11+00:00,53,26,Republic of the Philippines,@tecigurl @MochaUson Mahirap makapasok sa UP pero preferred yan ng mas marami regardless kung ofw ka. Karamihan sa nababalitaan ko mga estudyante nagiging maka kaliwa ay galing sa state universities. Kailangan gumawa ng paraan ang govt para ayusin eto.,Mahirap makapasok sa UP pero preferred yan ng mas marami regardless kung ofw ka Karamihan sa nababalitaan ko mga estudyante nagiging maka kaliwa ay galing sa state universities Kailangan gumawa ng paraan ang govt para ayusin eto,2020-02-17 06:58:44+00:00,https://twitter.com/jaforms/status/1229299122500337664,"text, user_mentions",0,1229068096377212930,0
18/03/2023 18:41:10 PM,Rey Christian E. Delos Reyes,Red tagging students from state universities,(UPD OR PUP OR DLSU OR Ateneo) AND (Komunista OR NPA OR Elitista) until:2023-01-01 since:2019-01-01,@yrrag_iraziri,yrrag,,2015-09-26 09:15:15+00:00,11,1285,Republic of the Philippines,@tecigurl @MochaUson Aanhin ang  pagiging matalino kung nag papadala sa mga ganyan ulol hinto ka nalng tama ang ipag laban ang nararapat pero dapat sa maayos na paraan di ganyan!  Sayang pinag aralan.,Aanhin ang pagiging matalino kung nag papadala sa mga ganyan ulol hinto ka nalng tama ang ipag laban ang nararapat pero dapat sa maayos na paraan di ganyan Sayang pinag aralan,2020-02-17 03:45:45+00:00,https://twitter.com/yrrag_iraziri/status/1229250554292928512,"text, user_mentions",0,1229068096377212930,0
18/03/2023 18:41:10 PM,Rey Christian E. Delos Reyes,Red tagging students from state universities,(UPD OR PUP OR DLSU OR Ateneo) AND (Komunista OR NPA OR Elitista) until:2023-01-01 since:2019-01-01,@kyky_vincitrc,È∫ó,ùòÅùó∂ùóøùó≤ùó± ùóÆùó≥,2020-05-27 15:45:03+00:00,143,182,Republic of the Philippines,"""sa pup nag-aaral apo ko, masipag yan"" sa umaga

""komunista ata, baka namumundok na yan"" sa gabi",sa pup nagaaral apo ko masipag yan sa umagakomunista ata baka namumundok na yan sa gabi,2022-03-28 12:43:53+00:00,https://twitter.com/kyky_vincitrc/status/1508424637184897028,text,3,,0
18/03/2023 18:41:11 PM,Rey Christian E. Delos Reyes,Red tagging students from state universities,(UPD OR PUP OR DLSU OR Ateneo) AND (Komunista OR NPA OR Elitista) until:2023-01-01 since:2019-01-01,@PUPTheCatalyst,The Catalyst,Opisyal na pahayagang pang-mag-aaral ng Politeknikong Unibersidad ng Pilipinas (PUP) na 37 taon nang nagsisilbi para sa interes ng mga estudyante at mamamayan.,2012-12-07 02:32:16+00:00,79,4435,Republic of the Philippines,"Mariano: Lagi mong pinupuksa (Duterte) ang mga kabataan, mga guro dahil ang PUP ay kuta ng mga komunista.",Mariano Lagi mong pinupuksa Duterte ang mga kabataan mga guro dahil ang PUP ay kuta ng mga komunista,2021-04-16 02:53:09+00:00,https://twitter.com/PUPTheCatalyst/status/1382889774751440897,text,5,1382889533214056451,3
18/03/2023 18:41:12 PM,Rey Christian E. Delos Reyes,Red tagging students from state universities,(UPD OR PUP OR DLSU OR Ateneo) AND (Komunista OR NPA OR Elitista) until:2023-01-01 since:2019-01-01,@CertifiedAlipin,Creating Possibilities,"Things that don‚Äôt kill you, will only makes you stronger.",2014-01-01 16:40:32+00:00,157,111,Republic of the Philippines,@PhilippineStar Kumunista,Kumunista,2020-02-28 12:33:45+00:00,https://twitter.com/CertifiedAlipin/status/1233369698407866371,"text, user_mentions",0,1233359924693880832,0
18/03/2023 18:41:13 PM,Rey Christian E. Delos Reyes,Red tagging students from state universities,(UPD OR PUP OR DLSU OR Ateneo) AND (Komunista OR NPA OR Elitista) until:2023-01-01 since:2019-01-01,@CertifiedAlipin,Creating Possibilities,"Things that don‚Äôt kill you, will only makes you stronger.",2014-01-01 16:40:32+00:00,157,111,Republic of the Philippines,"@hadersbicth @PhilippineStar Hoy kupal, PUP Alumni ito. Mag aral ka mabuti baka hindi ka makatapos e sa bundok na matagpuan katawan mo. https://t.co/UNB2edXWEx",Hoy kupal PUP Alumni ito Mag aral ka mabuti baka hindi ka makatapos e sa bundok na matagpuan katawan mo,2020-02-28 22:03:21+00:00,https://twitter.com/CertifiedAlipin/status/1233513043402817536,"text, user_mentions, media",0,1233468788101828609,0
18/03/2023 18:41:14 PM,Rey Christian E. Delos Reyes,Red tagging students from state universities,(UPD OR PUP OR DLSU OR Ateneo) AND (Komunista OR NPA OR Elitista) until:2023-01-01 since:2019-01-01,@paulshenes,renz arabia,,2010-01-26 18:03:01+00:00,294,20,Republic of the Philippines,@kikopangilinan Why the HELL does UP/ PUP have this privilege??? Kapal ng mukha nyo ha.. No wonder parang kabute mga NPA dahil kayo pala ang FARM ng mga Komunista.. If you don‚Äôt like the abrogation eh make an agreement too na there will be no UP/  PUP students will be recruited by the NPA.,Why the HELL does UP PUP have this privilege Kapal ng mukha nyo ha No wonder parang kabute mga NPA dahil kayo pala ang FARM ng mga Komunista If you dont like the abrogation eh make an agreement too na there will be no UP PUP students will be recruited by the NPA,2021-01-21 09:41:49+00:00,https://twitter.com/paulshenes/status/1352189648597090305,"text, user_mentions",0,1351150930792771584,0
18/03/2023 18:41:15 PM,Rey Christian E. Delos Reyes,Red tagging students from state universities,(UPD OR PUP OR DLSU OR Ateneo) AND (Komunista OR NPA OR Elitista) until:2023-01-01 since:2019-01-01,@thelyn23,Catherine Q Castro,,2012-12-05 02:41:44+00:00,152,17,Republic of the Philippines,@kikopangilinan UP used to have a credibility in terms of highest educational achievements; ngayon breeding na ng  mga NPA. Pina paaral kyo ng gobyerno tapos in the end kakalabanin nyo. Pwehüò°üò°,UP used to have a credibility in terms of highest educational achievements ngayon breeding na ng mga NPA Pina paaral kyo ng gobyerno tapos in the end kakalabanin nyo Pweh,2021-01-19 07:04:01+00:00,https://twitter.com/thelyn23/status/1351425160281288706,"text, user_mentions",19,1351150930792771584,0
18/03/2023 18:41:15 PM,Rey Christian E. Delos Reyes,Red tagging students from state universities,(UPD OR PUP OR DLSU OR Ateneo) AND (Komunista OR NPA OR Elitista) until:2023-01-01 since:2019-01-01,@MetalRain_76,Metal Rain 76,Your mind is your best weapon,2020-10-23 18:20:01+00:00,3379,2938,Republic of the Philippines,"@kikopangilinan Because it is a breeding ground of NPA?,  bistado na Kiko, ang tipo nyo matamis mag sasalita, pero walang laman.",Because it is a breeding ground of NPA bistado na Kiko ang tipo nyo matamis mag sasalita pero walang laman,2021-01-19 03:53:53+00:00,https://twitter.com/MetalRain_76/status/1351377313670320136,"text, user_mentions",11,1351150930792771584,1
18/03/2023 18:41:16 PM,Rey Christian E. Delos Reyes,Red tagging students from state universities,(UPD OR PUP OR DLSU OR Ateneo) AND (Komunista OR NPA OR Elitista) until:2023-01-01 since:2019-01-01,@ChristianusRick,Ricardo Gobres,"Materials/Procurement Specialist OFW, not a troll real account here. BTS Army and SB19- A' tin. Loves K-drama esp. Historical.",2011-04-16 11:54:49+00:00,1818,1502,Republic of the Philippines,@kikopangilinan Taxpayers own UP-Diliman. You don't want Military in UP Campuses but you allowed Makabayan Bloc who recruiting Students to become rebels (NPA). How many UP activist students died in Military encounters?,Taxpayers own UPDiliman You dont want Military in UP Campuses but you allowed Makabayan Bloc who recruiting Students to become rebels NPA How many UP activist students died in Military encounters,2021-01-19 08:04:13+00:00,https://twitter.com/ChristianusRick/status/1351440312112205824,"text, user_mentions",5,1351150930792771584,0
18/03/2023 18:41:17 PM,Rey Christian E. Delos Reyes,Red tagging students from state universities,(UPD OR PUP OR DLSU OR Ateneo) AND (Komunista OR NPA OR Elitista) until:2023-01-01 since:2019-01-01,@rowyn_cons,rowyn concepcion,,2010-06-14 07:11:07+00:00,424,17,Republic of the Philippines,"@kikopangilinan Dpt po Sir, wag nyo png tutulan ang pag hihimasok ng PNP sa UP bagkus, dpt nyong gwin ay itanng kng my Basis ba tlg ang paratang ng PNP at AFP na mrn ngang mga NPA na nkkapsok sa UP. Ayun dpt yng gwin nyo pong assignment.",Dpt po Sir wag nyo png tutulan ang pag hihimasok ng PNP sa UP bagkus dpt nyong gwin ay itanng kng my Basis ba tlg ang paratang ng PNP at AFP na mrn ngang mga NPA na nkkapsok sa UP Ayun dpt yng gwin nyo pong assignment,2021-01-19 03:47:44+00:00,https://twitter.com/rowyn_cons/status/1351375766898921472,"text, user_mentions",9,1351150930792771584,0
18/03/2023 18:41:18 PM,Rey Christian E. Delos Reyes,Red tagging students from state universities,(UPD OR PUP OR DLSU OR Ateneo) AND (Komunista OR NPA OR Elitista) until:2023-01-01 since:2019-01-01,@eddie020196,eddiejr‚ù§Ô∏èüíö,We have our own day to day struggle don't compare yourself from others,2013-01-01 02:47:19+00:00,592,558,Republic of the Philippines,@kikopangilinan Ano po ba meron at mawawala sa UP Campus pag may military presence? Aren't you happy to lessen the recruitment and enablers of CPP NPA? ü§îü§î,Ano po ba meron at mawawala sa UP Campus pag may military presence Arent you happy to lessen the recruitment and enablers of CPP NPA,2021-01-19 17:47:27+00:00,https://twitter.com/eddie020196/status/1351587088739692545,"text, user_mentions",0,1351150930792771584,0
18/03/2023 18:41:18 PM,Rey Christian E. Delos Reyes,Red tagging students from state universities,(UPD OR PUP OR DLSU OR Ateneo) AND (Komunista OR NPA OR Elitista) until:2023-01-01 since:2019-01-01,@MChyme,DIY Man,basketball fan!,2013-03-15 02:10:47+00:00,34,3,Republic of the Philippines,@kikopangilinan Paki usap umalis ka na lang ng Pinas senator kung ganyan ka magisip! madami narecruit ang NPA jan sa UP at may evidence as presented in senate hearing. Let the state forces do their job since you are also a part of government. kung may pag abuso sila then investigate in senate.,Paki usap umalis ka na lang ng Pinas senator kung ganyan ka magisip madami narecruit ang NPA jan sa UP at may evidence as presented in senate hearing Let the state forces do their job since you are also a part of government kung may pag abuso sila then investigate in senate,2021-01-18 13:27:11+00:00,https://twitter.com/MChyme/status/1351159200257372164,"text, user_mentions",14,1351150930792771584,0
18/03/2023 18:41:19 PM,Rey Christian E. Delos Reyes,Red tagging students from state universities,(UPD OR PUP OR DLSU OR Ateneo) AND (Komunista OR NPA OR Elitista) until:2023-01-01 since:2019-01-01,@JohnFretz3,Jake Villafuerte,"Gusto ko kapayaan, Ayaw ko sa CPP-NPA-NDF/ Works at Armed Forces of The Philippines",2020-07-03 06:04:50+00:00,95,5,Republic of the Philippines,"@kikopangilinan HOY Bobo nung nakapasok ba ang mga Terroristang CPP-NPA-NDF sa UP, may #DefendUP ba kayong Pina trend? Tae mo magsama ka'yo ni Sarat Elangot.",HOY Bobo nung nakapasok ba ang mga Terroristang CPPNPANDF sa UP may DefendUP ba kayong Pina trend Tae mo magsama kayo ni Sarat Elangot,2021-01-18 13:19:51+00:00,https://twitter.com/JohnFretz3/status/1351157357385052162,"text, hashtags, user_mentions",16,1351150930792771584,1
18/03/2023 18:41:20 PM,Rey Christian E. Delos Reyes,Red tagging students from state universities,(UPD OR PUP OR DLSU OR Ateneo) AND (Komunista OR NPA OR Elitista) until:2023-01-01 since:2019-01-01,@JohnFretz3,Jake Villafuerte,"Gusto ko kapayaan, Ayaw ko sa CPP-NPA-NDF/ Works at Armed Forces of The Philippines",2020-07-03 06:04:50+00:00,95,5,Republic of the Philippines,"@kikopangilinan May pa #DefendUP pa kayong nalalaman, anong tingin nyo sa mga pulis at sundalo terrorista? tulad ng mga salot na CPP-NPA-NDF, mabuti nga yang ganyan eh para hindi na makapang uto ang mga punyetang NPA na pabigat sa lipunan! Gaya nalang ng pulpol nato na blinocked ako. üòÇü§£ü§£ https://t.co/9hYfIiC9NQ",May pa DefendUP pa kayong nalalaman anong tingin nyo sa mga pulis at sundalo terrorista tulad ng mga salot na CPPNPANDF mabuti nga yang ganyan eh para hindi na makapang uto ang mga punyetang NPA na pabigat sa lipunan Gaya nalang ng pulpol nato na blinocked ako,2021-01-18 13:42:54+00:00,https://twitter.com/JohnFretz3/status/1351163155280519168,"text, hashtags, user_mentions, media",7,1351150930792771584,2
18/03/2023 18:41:21 PM,Rey Christian E. Delos Reyes,Red tagging students from state universities,(UPD OR PUP OR DLSU OR Ateneo) AND (Komunista OR NPA OR Elitista) until:2023-01-01 since:2019-01-01,@DragonSeed11,DragonSeed,pam pa ram pam pam,2021-01-17 01:38:09+00:00,22,0,Republic of the Philippines,"@kikopangilinan Mamundok na kayo umalis kayo NPA sa property ng gobyerno.

#DependUPsaTeroristangNPA
#DefundUP",Mamundok na kayo umalis kayo NPA sa property ng gobyernoDependUPsaTeroristangNPADefundUP,2021-01-18 14:50:40+00:00,https://twitter.com/DragonSeed11/status/1351180211317043210,"text, hashtags, user_mentions",2,1351150930792771584,0
18/03/2023 18:41:22 PM,Rey Christian E. Delos Reyes,Red tagging students from state universities,(UPD OR PUP OR DLSU OR Ateneo) AND (Komunista OR NPA OR Elitista) until:2023-01-01 since:2019-01-01,@Yass721,Yass72,I keep trying and trying and trying....,2020-11-20 13:08:52+00:00,5,0,Republic of the Philippines,@kikopangilinan Uu Sen Kiko tinutulan nyo ang UP na.pakiaalaman ng Gobyerno eh saan ba galing ang pundo nito. Hypocrite ka dahil pabor ka na gawin pugad ng CPP NPA NDF at recruitment network ng mga communist-terrorist. P*****a nyong mga Dilawan mga salot kayo!,Uu Sen Kiko tinutulan nyo ang UP napakiaalaman ng Gobyerno eh saan ba galing ang pundo nito Hypocrite ka dahil pabor ka na gawin pugad ng CPP NPA NDF at recruitment network ng mga communistterrorist Pa nyong mga Dilawan mga salot kayo,2021-01-19 08:50:51+00:00,https://twitter.com/Yass721/status/1351452048093569030,"text, user_mentions",0,1351150930792771584,0
18/03/2023 18:41:22 PM,Rey Christian E. Delos Reyes,Red tagging students from state universities,(UPD OR PUP OR DLSU OR Ateneo) AND (Komunista OR NPA OR Elitista) until:2023-01-01 since:2019-01-01,@Yass721,Yass72,I keep trying and trying and trying....,2020-11-20 13:08:52+00:00,5,0,Republic of the Philippines,@kikopangilinan UP ginawang mess hall ng mga communists! Dapat monitor ng government to! It's a Republic of the Phil. Public school not a CPP NPA NDF   recruitment base,UP ginawang mess hall ng mga communists Dapat monitor ng government to Its a Republic of the Phil Public school not a CPP NPA NDF recruitment base,2021-01-19 08:54:16+00:00,https://twitter.com/Yass721/status/1351452908269821954,"text, user_mentions",0,1351150930792771584,0
18/03/2023 18:41:23 PM,Rey Christian E. Delos Reyes,Red tagging students from state universities,(UPD OR PUP OR DLSU OR Ateneo) AND (Komunista OR NPA OR Elitista) until:2023-01-01 since:2019-01-01,@biker722,biker72,,2018-07-04 01:09:04+00:00,13,5,Republic of the Philippines,@kikopangilinan Just goes to show that you are a supporter of the communists!!! Bakit special ba ang UP at sila lang mga anak ng diyos na exempted sila na pasukin ng pulis at sundalo?ibang schools pwde naman ba't UP d pwede!?,Just goes to show that you are a supporter of the communists Bakit special ba ang UP at sila lang mga anak ng diyos na exempted sila na pasukin ng pulis at sundaloibang schools pwde naman bat UP d pwede,2021-01-19 02:13:35+00:00,https://twitter.com/biker722/status/1351352071291772928,"text, user_mentions",0,1351150930792771584,0
18/03/2023 18:41:24 PM,Rey Christian E. Delos Reyes,Red tagging students from state universities,(UPD OR PUP OR DLSU OR Ateneo) AND (Komunista OR NPA OR Elitista) until:2023-01-01 since:2019-01-01,@pachamva,KUNTENTO,toxic,2020-12-22 06:04:27+00:00,5,0,Republic of the Philippines,"@kikopangilinan gusto ninyo UP PAG AARI NG TERRORISTA SANA GUMAWA KAYO BATAS NA DAPAT MAY AUTONOMY ANG UP. PAG AARI BA NINYO UP? HULMAHAN PO YAN NG MGA SIMARON AT WALANG PAGALANG SA BAYAN DI NILA KINIKILALA ANG ATING BANDILA, NILASON NILA ISIP NG KABATAAN. PALAYAIN NINYO UP",gusto ninyo UP PAG AARI NG TERRORISTA SANA GUMAWA KAYO BATAS NA DAPAT MAY AUTONOMY ANG UP PAG AARI BA NINYO UP HULMAHAN PO YAN NG MGA SIMARON AT WALANG PAGALANG SA BAYAN DI NILA KINIKILALA ANG ATING BANDILA NILASON NILA ISIP NG KABATAAN PALAYAIN NINYO UP,2021-01-19 10:45:39+00:00,https://twitter.com/pachamva/status/1351480938601959424,"text, user_mentions",0,1351150930792771584,0
18/03/2023 18:41:25 PM,Rey Christian E. Delos Reyes,Red tagging students from state universities,(UPD OR PUP OR DLSU OR Ateneo) AND (Komunista OR NPA OR Elitista) until:2023-01-01 since:2019-01-01,@rodrigo_ricos,"Rodrigo M. Ricos, Jr",i love to sing! Entertainment Soccer Movies Music,2017-02-18 10:28:04+00:00,26,6,Republic of the Philippines,"@kikopangilinan UP a citadel of freedom and democracy?really kiko u still expect us to believe ur narrative? or u are just convincing urself na may maniniwala pa sayo? trust us, we dont trust u anymore. UP hs long been a citadel of communist recruitment. and thats NOT freedom but TERRORISM!",UP a citadel of freedom and democracyreally kiko u still expect us to believe ur narrative or u are just convincing urself na may maniniwala pa sayo trust us we dont trust u anymore UP hs long been a citadel of communist recruitment and thats NOT freedom but TERRORISM,2021-01-19 08:25:14+00:00,https://twitter.com/rodrigo_ricos/status/1351445598616973313,"text, user_mentions",0,1351150930792771584,0
18/03/2023 18:41:26 PM,Rey Christian E. Delos Reyes,Red tagging students from state universities,(UPD OR PUP OR DLSU OR Ateneo) AND (Komunista OR NPA OR Elitista) until:2023-01-01 since:2019-01-01,@prog_pwrc,https://www.terrorismwatch.com.ph,Labanan ang CPP-NPA-NDF at ang mga Local na terorista,2017-04-18 02:46:10+00:00,825,191,Republic of the Philippines,"A University of the Philippines-Mindanao (UP-Min) alumnus has confirmed that recruitment activities are being carried out by the communist New People‚Äôs Army (NPA), sometimes even with the help of their mentor https://t.co/J4q6RPd3wo",A University of the PhilippinesMindanao UPMin alumnus has confirmed that recruitment activities are being carried out by the communist New Peoples Army NPA sometimes even with the help of their mentor,2022-05-19 20:45:43+00:00,https://twitter.com/prog_pwrc/status/1527390066154565633,"text, media",163,,80
18/03/2023 18:41:26 PM,Rey Christian E. Delos Reyes,Red tagging students from state universities,(UPD OR PUP OR DLSU OR Ateneo) AND (Komunista OR NPA OR Elitista) until:2023-01-01 since:2019-01-01,@UnitedPhilippi1,UnitedPhilippines,"Love for Country, Love for God and Love for Family",2019-08-31 17:18:16+00:00,426,272,Republic of the Philippines,"@PehtraPunisher @sandiego_gas May kababata ako na naging NPA at nag balik loob. Sa Mindanao na sya nakatira ngayon. Ang kwento nya sakin simula umupo ang mga Aquino unti unti na nakapasok sa gobyerno ang mga members ng NPA. Marami sa Congress, meron sa Senate, Sa Media, sa HRC sa Universities.",gas May kababata ako na naging NPA at nag balik loob Sa Mindanao na sya nakatira ngayon Ang kwento nya sakin simula umupo ang mga Aquino unti unti na nakapasok sa gobyerno ang mga members ng NPA Marami sa Congress meron sa Senate Sa Media sa HRC sa Universities,2019-10-10 06:41:09+00:00,https://twitter.com/UnitedPhilippi1/status/1182184273756839936,"text, user_mentions",1,1182174952658595840,0
18/03/2023 18:41:27 PM,Rey Christian E. Delos Reyes,Red tagging students from state universities,(UPD OR PUP OR DLSU OR Ateneo) AND (Komunista OR NPA OR Elitista) until:2023-01-01 since:2019-01-01,@QMotherGothel,Mother Gothel,Skip the drama. Stay with mama.,2020-03-30 16:56:39+00:00,820,12972,Republic of the Philippines,"UP is getting more and more baduy by the day. Pa-victim. Feeling untouchable. State university pero kung umasta kala mo sila nagbabayad ng tuition nila. Lol. Gets ko pa kung umattitude mga taga-Ateneo, pero UP? Yuck. Kuta ng NPA.

Give UP back to the deserving youth! #DefundUP",UP is getting more and more baduy by the day Pavictim Feeling untouchable State university pero kung umasta kala mo sila nagbabayad ng tuition nila Lol Gets ko pa kung umattitude mga tagaAteneo pero UP Yuck Kuta ng NPAGive UP back to the deserving youth DefundUP,2021-01-19 07:54:28+00:00,https://twitter.com/QMotherGothel/status/1351437859719245829,"text, hashtags",81,,23
18/03/2023 18:41:28 PM,Rey Christian E. Delos Reyes,Red tagging students from state universities,(UPD OR PUP OR DLSU OR Ateneo) AND (Komunista OR NPA OR Elitista) until:2023-01-01 since:2019-01-01,@Jonas47161499,Jonas,OFFICIAL account,2018-06-27 01:23:05+00:00,6,0,Republic of the Philippines,"@TheNishmeister @nuelleduterte mqa college niyo komunista, gawing Npa itira sa bundok, naku kaawa awa ang biktima nila",mqa college niyo komunista gawing Npa itira sa bundok naku kaawa awa ang biktima nila,2021-06-02 03:09:16+00:00,https://twitter.com/Jonas47161499/status/1399926059735293952,"text, user_mentions",0,1399909232070201348,0
18/03/2023 18:41:29 PM,Rey Christian E. Delos Reyes,Red tagging students from state universities,(UPD OR PUP OR DLSU OR Ateneo) AND (Komunista OR NPA OR Elitista) until:2023-01-01 since:2019-01-01,@agador7,A Gador,,2015-10-23 23:23:40+00:00,121,118,Republic of the Philippines,"@LFSPhilippines Matagal na itong LFS na ito. Nasa college pa ako sa PUP, recruiter ng mga estudyante para maging NPA. Pakawala mg komunista, mg CPP NDF.üòñ Ingat kayo mga kabataan dito, gamitin ang utak.üòë Marcos Jr.",Matagal na itong LFS na ito Nasa college pa ako sa PUP recruiter ng mga estudyante para maging NPA Pakawala mg komunista mg CPP NDF Ingat kayo mga kabataan dito gamitin ang utak Marcos Jr,2022-12-06 15:26:28+00:00,https://twitter.com/agador7/status/1600149684894720000,"text, user_mentions",0,1597483185348423680,0
18/03/2023 18:41:30 PM,Rey Christian E. Delos Reyes,Red tagging students from state universities,(UPD OR PUP OR DLSU OR Ateneo) AND (Komunista OR NPA OR Elitista) until:2023-01-01 since:2019-01-01,@Natans_Lover,Hanuman Ji | All Cops are Bastards for NPA,"Artist
üáµüá≠üëä‚úåÔ∏èüè≥Ô∏è‚Äçüåà

Teetotaler 

Abortion is Murder
Sex Work is not Work

IN THE NAME OF GOD: A HOLY BETRAYAL",2019-05-06 09:26:52+00:00,2512,1569,Republic of the Philippines,"@CriticalCripple I kinda need go to college for a different purpose,

The only school that I avoid is University of Philippines because that school is a breeding ground of communist terrorist, NPA CPP NDF

@danullgirl 
@xokenshee",I kinda need go to college for a different purposeThe only school that I avoid is University of Philippines because that school is a breeding ground of communist terrorist NPA CPP NDF,2021-07-21 14:31:02+00:00,https://twitter.com/Natans_Lover/status/1417854636044607489,"text, user_mentions",2,1417852769285849090,1
18/03/2023 18:41:30 PM,Rey Christian E. Delos Reyes,Red tagging students from state universities,(UPD OR PUP OR DLSU OR Ateneo) AND (Komunista OR NPA OR Elitista) until:2023-01-01 since:2019-01-01,@BaconUpon,Eric Son,,2020-11-21 05:43:05+00:00,72,3,Republic of the Philippines,@rapplerdotcom UP breeding ground ng NPA.,UP breeding ground ng NPA,2020-11-22 00:41:06+00:00,https://twitter.com/BaconUpon/status/1330310302945193989,"text, user_mentions",0,1330303464929447936,0
18/03/2023 18:41:31 PM,Rey Christian E. Delos Reyes,Red tagging students from state universities,(UPD OR PUP OR DLSU OR Ateneo) AND (Komunista OR NPA OR Elitista) until:2023-01-01 since:2019-01-01,@jssalvador225,Joselito Salvador,,2016-05-19 04:20:02+00:00,50,2,Republic of the Philippines,@DZMMTeleRadyo @UPLBOfficial @zhandercayabyab Breeding ground ng npa yan yupi! Pati mga teachers dyan komunista!!!,Breeding ground ng npa yan yupi Pati mga teachers dyan komunista,2019-02-15 13:51:49+00:00,https://twitter.com/jssalvador225/status/1096406730160754688,"text, user_mentions",0,1096309273481469952,0
18/03/2023 18:41:32 PM,Rey Christian E. Delos Reyes,Red tagging students from state universities,(UPD OR PUP OR DLSU OR Ateneo) AND (Komunista OR NPA OR Elitista) until:2023-01-01 since:2019-01-01,@fey_ded,Au.,gon' steal ur heart,2021-10-08 11:41:25+00:00,287,3,Republic of the Philippines,@ABSCBNNews @PawidReiniel UP breeding ground ng NPA,UP breeding ground ng NPA,2022-08-04 18:49:46+00:00,https://twitter.com/fey_ded/status/1555264748773842944,"text, user_mentions",0,1554437885298094080,0
18/03/2023 18:41:33 PM,Rey Christian E. Delos Reyes,Red tagging students from state universities,(UPD OR PUP OR DLSU OR Ateneo) AND (Komunista OR NPA OR Elitista) until:2023-01-01 since:2019-01-01,@vlabvs21,Kimpoy Palaboy ‚ù§Ô∏èüíö‚úåÔ∏èüëä,Small business owner and boat enthusiast.,2017-05-01 21:06:21+00:00,234,58,Republic of the Philippines,@AnnaMalindogUy Tanggalan ng scholarship mga yan. Sobra ng abusado!!! Sayang ang pera ng gobyerno sa breeding ground ng mga NPA!!! üòàüòàüòà,Tanggalan ng scholarship mga yan Sobra ng abusado Sayang ang pera ng gobyerno sa breeding ground ng mga NPA,2022-05-09 15:41:43+00:00,https://twitter.com/vlabvs21/status/1523689683019984898,"text, user_mentions",18,1523685108662026240,8
18/03/2023 18:41:34 PM,Rey Christian E. Delos Reyes,Red tagging students from state universities,(UPD OR PUP OR DLSU OR Ateneo) AND (Komunista OR NPA OR Elitista) until:2023-01-01 since:2019-01-01,@JoRacaza,Jewrocks,"Zipline & Campsite Dev‚Äôt Consultant; Pioneered CCI Phils; Love my Wife & Kids, above all Christ is my Lord and Saviour!",2009-06-18 07:55:35+00:00,1595,268,Republic of the Philippines,"@KamaoNiJuan @pinoyanghang @tatz___ Ikaw ay mulat na mulat na UP grad, we salute your patriotism for the country and people! Totoong grad ka ng bayan dahil pinahalagahan mo ang dapat at mabuti hindi ang kasakiman ng communist terrorist group at aquino-LPigs propaganda!",Ikaw ay mulat na mulat na UP grad we salute your patriotism for the country and people Totoong grad ka ng bayan dahil pinahalagahan mo ang dapat at mabuti hindi ang kasakiman ng communist terrorist group at aquinoLPigs propaganda,2022-01-22 21:13:54+00:00,https://twitter.com/JoRacaza/status/1484997777251704833,"text, user_mentions",1,1484403114224807936,0
18/03/2023 18:41:34 PM,Rey Christian E. Delos Reyes,Red tagging students from state universities,(UPD OR PUP OR DLSU OR Ateneo) AND (Komunista OR NPA OR Elitista) until:2023-01-01 since:2019-01-01,@KamaoNiJuan,Pilipinas Sentinel,Kamao Ni Juan supports ‚ù§Ô∏èBBM-SARAüíö. Thank you very much po sa mga nag-follow at nag-follow back sa akin.,2020-04-12 00:02:09+00:00,1263,1147,Republic of the Philippines,"@JoRacaza @pinoyanghang @tatz___ Tatlo po ang nawala sa batch ko (yung isa eh nakitang patay), yung dalawa eh hinde alam kung nasaan na‚Ä¶mga miyembro sila ng Pi Sigma frat,-sa panahon ko, dalawa g org ang breeding ground ng NPA üëâLFS at Pi Sigma frat.",Tatlo po ang nawala sa batch ko yung isa eh nakitang patay yung dalawa eh hinde alam kung nasaan namga miyembro sila ng Pi Sigma fratsa panahon ko dalawa g org ang breeding ground ng NPA LFS at Pi Sigma frat,2022-01-23 03:23:48+00:00,https://twitter.com/KamaoNiJuan/status/1485090863424622594,"text, user_mentions",1,1484997777251704833,0
18/03/2023 18:41:35 PM,Rey Christian E. Delos Reyes,Red tagging students from state universities,(UPD OR PUP OR DLSU OR Ateneo) AND (Komunista OR NPA OR Elitista) until:2023-01-01 since:2019-01-01,@jdcruzph,Juan Dela Cruz,Not so techie.,2015-12-14 00:30:42+00:00,800,406,Republic of the Philippines,Marami talaga dyan sa UP breeding ground ng NPA yan https://t.co/oQa825udfW,Marami talaga dyan sa UP breeding ground ng NPA yan,2017-11-29 22:54:24+00:00,https://twitter.com/jdcruzph/status/936005453850353664,"text, urls",0,,0
18/03/2023 18:41:36 PM,Rey Christian E. Delos Reyes,Red tagging students from state universities,(UPD OR PUP OR DLSU OR Ateneo) AND (Komunista OR NPA OR Elitista) until:2023-01-01 since:2019-01-01,@lovethyself143,Justin,Supports Good and Condemns Evil,2019-07-08 18:11:18+00:00,21,72,Republic of the Philippines,"@DanWrites0307 @alypalad Walang ganun Mars, at least not for me although I know jan sa pagiging actibista nagsisimula ang lahat. Too long na naging breeding ground ng NPA ang UP because of that accord. I think it's for the safety of the students and peace of mind sa mga parents.",Walang ganun Mars at least not for me although I know jan sa pagiging actibista nagsisimula ang lahat Too long na naging breeding ground ng NPA ang UP because of that accord I think its for the safety of the students and peace of mind sa mga parents,2021-01-19 02:30:59+00:00,https://twitter.com/lovethyself143/status/1351356451747291136,text,0,,0
18/03/2023 18:41:37 PM,Rey Christian E. Delos Reyes,Red tagging students from state universities,(UPD OR PUP OR DLSU OR Ateneo) AND (Komunista OR NPA OR Elitista) until:2023-01-01 since:2019-01-01,@lovethyself143,Justin,Supports Good and Condemns Evil,2019-07-08 18:11:18+00:00,21,72,Republic of the Philippines,"@DanWrites0307 @alypalad Walang ganun Mars, at least not for me although I know jan sa pagiging actibista nagsisimula ang lahat. Too long na naging breeding ground ng NPA ang UP because of that accord. I think it's for the safety of the students and peace of mind sa mga parents.",Walang ganun Mars at least not for me although I know jan sa pagiging actibista nagsisimula ang lahat Too long na naging breeding ground ng NPA ang UP because of that accord I think its for the safety of the students and peace of mind sa mga parents,2021-01-19 02:30:59+00:00,https://twitter.com/lovethyself143/status/1351356451747291136,text,0,,0
18/03/2023 18:41:38 PM,Rey Christian E. Delos Reyes,Red tagging students from state universities,(UPD OR PUP OR DLSU OR Ateneo) AND (Komunista OR NPA OR Elitista) until:2023-01-01 since:2019-01-01,@lovethyself143,Justin,Supports Good and Condemns Evil,2019-07-08 18:11:18+00:00,21,72,Republic of the Philippines,"@DanWrites0307 @alypalad Of course. 1st, enablers need not be students and they are secretly meeting there. 2nd, when all will go back to normal, parents are at peace because may military and pnp presence sa campus (not just in UP) until this insurgency is resolved.",Of course 1st enablers need not be students and they are secretly meeting there 2nd when all will go back to normal parents are at peace because may military and pnp presence sa campus not just in UP until this insurgency is resolved,2021-01-19 02:41:36+00:00,https://twitter.com/lovethyself143/status/1351359121317011456,text,0,,0
18/03/2023 18:41:38 PM,Rey Christian E. Delos Reyes,Red tagging students from state universities,(UPD OR PUP OR DLSU OR Ateneo) AND (Komunista OR NPA OR Elitista) until:2023-01-01 since:2019-01-01,@Jonas47161499,Jonas,OFFICIAL account,2018-06-27 01:23:05+00:00,6,0,Republic of the Philippines,"@TheNishmeister @nuelleduterte mqa college niyo komunista, gawing Npa itira sa bundok, naku kaawa awa ang biktima nila",mqa college niyo komunista gawing Npa itira sa bundok naku kaawa awa ang biktima nila,2021-06-02 03:09:16+00:00,https://twitter.com/Jonas47161499/status/1399926059735293952,"text, user_mentions",0,1399909232070201348,0
18/03/2023 18:41:39 PM,Rey Christian E. Delos Reyes,Red tagging students from state universities,(UPD OR PUP OR DLSU OR Ateneo) AND (Komunista OR NPA OR Elitista) until:2023-01-01 since:2019-01-01,@Unotres1384,Unotres,,2018-04-12 15:44:09+00:00,2945,138,Republic of the Philippines,@kikopangilinan @thinkinggab Npa recruitment agency ho ang UP.. nag iisip kpb? Sabagay.. mukang npa nman tlga ikaw..,Npa recruitment agency ho ang UP nag iisip kpb Sabagay mukang npa nman tlga ikaw,2021-01-18 13:52:05+00:00,https://twitter.com/Unotres1384/status/1351165467902300170,"text, user_mentions",1,1351150930792771584,0
18/03/2023 18:41:40 PM,Rey Christian E. Delos Reyes,Red tagging students from state universities,(UPD OR PUP OR DLSU OR Ateneo) AND (Komunista OR NPA OR Elitista) until:2023-01-01 since:2019-01-01,@kulas23,kulas23,Dilawan hater,2009-12-04 02:29:19+00:00,44,8,Republic of the Philippines,"@kikopangilinan So mas pabor ka may recruitment ng NPA sa UP, jan nag sisimula yan eh sa mga student body organization",So mas pabor ka may recruitment ng NPA sa UP jan nag sisimula yan eh sa mga student body organization,2021-01-23 03:24:46+00:00,https://twitter.com/kulas23/status/1352819537155133441,"text, user_mentions",0,1351150930792771584,0
18/03/2023 18:41:41 PM,Rey Christian E. Delos Reyes,Red tagging students from state universities,(UPD OR PUP OR DLSU OR Ateneo) AND (Komunista OR NPA OR Elitista) until:2023-01-01 since:2019-01-01,@Backycrisostom1,ron ariate,,2017-07-03 14:56:36+00:00,40,0,Republic of the Philippines,@kikopangilinan Takot ka ba maubos mga kapwa mo terorista? üòÇ,Takot ka ba maubos mga kapwa mo terorista,2021-01-18 13:45:16+00:00,https://twitter.com/Backycrisostom1/status/1351163752582946821,"text, user_mentions",0,1351150930792771584,0
18/03/2023 18:41:42 PM,Rey Christian E. Delos Reyes,Red tagging students from state universities,(UPD OR PUP OR DLSU OR Ateneo) AND (Komunista OR NPA OR Elitista) until:2023-01-01 since:2019-01-01,@flip1sba,Jayo Santiago,"Pinoy graffiti, hip-hop, Baybayin, Manila scenes, Pinoy pop culture & more! SBA CRU! Manila represent! üáµüá≠",2009-06-29 02:03:29+00:00,237,27,Republic of the Philippines,"@kikopangilinan @kakiep83 If UP is a citadel of freedom and democracy, why is it that the university DISALLOWED The League of Parents of The Philippines on protesting against CPP-NPA recruitment inside their campus? https://t.co/OhIXzA9Klj",If UP is a citadel of freedom and democracy why is it that the university DISALLOWED The League of Parents of The Philippines on protesting against CPPNPA recruitment inside their campus,2021-01-19 12:31:00+00:00,https://twitter.com/flip1sba/status/1351507451791593474,"text, user_mentions, media",0,1351150930792771584,0
18/03/2023 18:41:42 PM,Rey Christian E. Delos Reyes,Red tagging students from state universities,(UPD OR PUP OR DLSU OR Ateneo) AND (Komunista OR NPA OR Elitista) until:2023-01-01 since:2019-01-01,@xtna_wanderer,Xtn Metaphor,,2009-05-15 12:24:13+00:00,202,125,Republic of the Philippines,"@kikopangilinan Don't mess with UP?? Why? UP is under scrutiny for breeding NPA members and NPA is the enemy of the state. If you're not against them, then you are one with them.",Dont mess with UP Why UP is under scrutiny for breeding NPA members and NPA is the enemy of the state If youre not against them then you are one with them,2021-01-19 02:16:17+00:00,https://twitter.com/xtna_wanderer/status/1351352749569372160,"text, user_mentions",1,1351150930792771584,0
18/03/2023 18:41:43 PM,Rey Christian E. Delos Reyes,Red tagging students from state universities,(UPD OR PUP OR DLSU OR Ateneo) AND (Komunista OR NPA OR Elitista) until:2023-01-01 since:2019-01-01,@dozZ3h_Vbril,t ‚ù§_üíö k! rO „ÉÑ,‚ù§üíö‚úåüëä,2015-09-03 05:18:42+00:00,2090,3120,Republic of the Philippines,@kikopangilinan üòÇüòÇüòÇ paano mo de-defend ang UP eh ang mga Kadre na dating NPA na pumasok din diyan ang bulgar.. wahahaha Ka Kiko Ka Kiko Ka Kiko üòÇüòÇüòÇ tama sa Drama wala na si Cory Aquino nag pahirap sa Bansang Pilipinas umpisa ng sila ang naupo.,paano mo dedefend ang UP eh ang mga Kadre na dating NPA na pumasok din diyan ang bulgar wahahaha Ka Kiko Ka Kiko Ka Kiko tama sa Drama wala na si Cory Aquino nag pahirap sa Bansang Pilipinas umpisa ng sila ang naupo,2021-01-19 02:13:44+00:00,https://twitter.com/dozZ3h_Vbril/status/1351352109287915521,"text, user_mentions",2,1351150930792771584,0
18/03/2023 18:41:44 PM,Rey Christian E. Delos Reyes,Red tagging students from state universities,(UPD OR PUP OR DLSU OR Ateneo) AND (Komunista OR NPA OR Elitista) until:2023-01-01 since:2019-01-01,@JMF0927,TheFamousJojo,OpsMan,2009-04-27 22:20:26+00:00,1081,896,Republic of the Philippines,"@kikopangilinan Protektor ka na rin ba ng mga CPP-NPA/NDF? Kung ang kapakanan ng mga iskolar ng bayan ang nakasalalay, iaasa mo ba ito sa mga communist fronts?",Protektor ka na rin ba ng mga CPPNPANDF Kung ang kapakanan ng mga iskolar ng bayan ang nakasalalay iaasa mo ba ito sa mga communist fronts,2021-01-18 16:12:01+00:00,https://twitter.com/JMF0927/status/1351200682108477443,"text, user_mentions",4,1351150930792771584,0
18/03/2023 18:41:45 PM,Rey Christian E. Delos Reyes,Red tagging students from state universities,(UPD OR PUP OR DLSU OR Ateneo) AND (Komunista OR NPA OR Elitista) until:2023-01-01 since:2019-01-01,@dzeraldjulio,The Caped,"Take a deep breath. Hey, you gotta live, you know?",2020-04-02 03:46:48+00:00,250,141,Republic of the Philippines,"@kikopangilinan Tama na ang pangagago na tulad mo at mga kagaya mo na aktibista na ginagawang lunggaan ang UP.
The LEFT MESSED UP ""UP"" long enough!",Tama na ang pangagago na tulad mo at mga kagaya mo na aktibista na ginagawang lunggaan ang UPThe LEFT MESSED UP UP long enough,2021-01-19 05:39:36+00:00,https://twitter.com/dzeraldjulio/status/1351403917452578816,"text, user_mentions",0,1351150930792771584,0
18/03/2023 18:41:46 PM,Rey Christian E. Delos Reyes,Red tagging students from state universities,(UPD OR PUP OR DLSU OR Ateneo) AND (Komunista OR NPA OR Elitista) until:2023-01-01 since:2019-01-01,@dandanielm47,rapanan,,2014-01-28 13:16:07+00:00,1455,848,Republic of the Philippines,"@iskonglasalista Di man nila maamin , ngunit buhat ng maagaw ang kapangyarihan sa regimeng Marcos di man lantaran sa kabuoan ay kumilos na sila ng pagkiling sa mga Bandidong Komunista na nagtulak sa mga mag-aaral ng Unibersidad ( UP,PUP) ng pagsanib dito..",Di man nila maamin ngunit buhat ng maagaw ang kapangyarihan sa regimeng Marcos di man lantaran sa kabuoan ay kumilos na sila ng pagkiling sa mga Bandidong Komunista na nagtulak sa mga magaaral ng Unibersidad UPPUP ng pagsanib dito,2020-12-13 08:18:48+00:00,https://twitter.com/dandanielm47/status/1338035630203228163,"text, user_mentions",4,1337957633593016320,0
18/03/2023 18:41:46 PM,Rey Christian E. Delos Reyes,Red tagging students from state universities,(UPD OR PUP OR DLSU OR Ateneo) AND (Komunista OR NPA OR Elitista) until:2023-01-01 since:2019-01-01,@armando_domo,Mandy Domz,,2020-07-12 01:53:04+00:00,437,266,Republic of the Philippines,Lately.. Yung mga napapatay na mga NPA sa mga encounter.. bakit karamihan taga UP o PUP.. anong meron sa dalawang State University na yan.. Pugad yata ng mga Komunista,Lately Yung mga napapatay na mga NPA sa mga encounter bakit karamihan taga UP o PUP anong meron sa dalawang State University na yan Pugad yata ng mga Komunista,2020-08-10 22:39:24+00:00,https://twitter.com/armando_domo/status/1292953722566381574,text,0,,0
18/03/2023 18:41:47 PM,Rey Christian E. Delos Reyes,Red tagging students from state universities,(UPD OR PUP OR DLSU OR Ateneo) AND (Komunista OR NPA OR Elitista) until:2023-01-01 since:2019-01-01,@direkmarl,üì∑Direk Marlüáµüá≠ ‚ù§Ô∏èüíö,"Katoliko. Dating Sakristan.
Labing-limang taon sa Trabaho.
Nalibot ang 80 sa 81 na probinsya
ng Pilipinas.",2013-11-23 04:19:09+00:00,77,50,Republic of the Philippines,"@MhaeMha04518743 @GrowlHarhar @teddycasino @kaloi_zarate Mas OK ata pati mga schools tulad ng UP, PUP, La Salle, Ateneo, St. Scholastica, etc.
ang mag-declare na PERSONA NON GRATA ang Komunista!",zarate Mas OK ata pati mga schools tulad ng UP PUP La Salle Ateneo St Scholastica etcang magdeclare na PERSONA NON GRATA ang Komunista,2021-04-29 15:16:33+00:00,https://twitter.com/direkmarl/status/1387787897235931148,"text, user_mentions",3,1387785989981151239,0
18/03/2023 18:41:48 PM,Rey Christian E. Delos Reyes,Red tagging students from state universities,(UPD OR PUP OR DLSU OR Ateneo) AND (Komunista OR NPA OR Elitista) until:2023-01-01 since:2019-01-01,@orochiherman,Orochi Herman,"Wisecrack, all-seeking and tech-savvy. Normally a really swell guy. Will collide with you with feral savagery if you speak BS. Otherwise a chill person.",2011-03-13 14:42:59+00:00,404,633,Republic of the Philippines,"@AiraSarmiento14 UP ang kuta ng komunista
UP nagmula yung napatay na NPA
UP at PUP ang may phobia sa state forces
UP ang walang ROTC
UP ang kadalasang pinagmumulan ng mga aktibista

Bakit mo iniiba ang usapan?",UP ang kuta ng komunistaUP nagmula yung napatay na NPAUP at PUP ang may phobia sa state forcesUP ang walang ROTCUP ang kadalasang pinagmumulan ng mga aktibistaBakit mo iniiba ang usapan,2021-01-20 10:11:09+00:00,https://twitter.com/orochiherman/status/1351834643167776769,"text, user_mentions",2,1351684504612610048,0
18/03/2023 18:41:49 PM,Rey Christian E. Delos Reyes,Red tagging students from state universities,(UPD OR PUP OR DLSU OR Ateneo) AND (Komunista OR NPA OR Elitista) until:2023-01-01 since:2019-01-01,@MamTessCD,Teresita Curato-Dapoc,,2017-12-17 05:33:19+00:00,1801,1085,Republic of the Philippines,"@bernallene Lahat ng pangalan ng senador na magsusulong nyan, isama natin sa inidoro ng 8direchos, walang pagmamahal sa bayan, gustong magpatuloy recrutment ng NPANDFCPP sa mga students ng UP, PUP, ano ba dahilan at nandyan kayo sa senado, pera, power galing sa komunista, terorista, WAGIBOTO",Lahat ng pangalan ng senador na magsusulong nyan isama natin sa inidoro ng 8direchos walang pagmamahal sa bayan gustong magpatuloy recrutment ng NPANDFCPP sa mga students ng UP PUP ano ba dahilan at nandyan kayo sa senado pera power galing sa komunista terorista WAGIBOTO,2021-01-24 04:16:17+00:00,https://twitter.com/MamTessCD/status/1353194890146975744,"text, user_mentions",7,1352969312210874368,0
18/03/2023 18:41:50 PM,Rey Christian E. Delos Reyes,Red tagging students from state universities,(UPD OR PUP OR DLSU OR Ateneo) AND (Komunista OR NPA OR Elitista) until:2023-01-01 since:2019-01-01,@bernallene,Ellen Mu√±oz,"Married with kids.
Don't send me messages in DM asking my job,business,email address. I don't care about your heart problems.

Not interested in bitcoin.",2016-02-07 12:59:34+00:00,5882,5563,Republic of the Philippines,"Plano ng ilang senador na gawin ng batas ang UP- DND Accord.
- para makahikayat ng mga botanteng estudyante?
- para makaloko pa ng maraming kabataan ang mga leftist, replacement sa mga sumuko at
- in aid of re-election",Plano ng ilang senador na gawin ng batas ang UP DND Accord para makahikayat ng mga botanteng estudyante para makaloko pa ng maraming kabataan ang mga leftist replacement sa mga sumuko at in aid of reelection,2021-01-23 13:19:55+00:00,https://twitter.com/bernallene/status/1352969312210874368,text,261,,38
18/03/2023 18:41:50 PM,Rey Christian E. Delos Reyes,Red tagging students from state universities,(UPD OR PUP OR DLSU OR Ateneo) AND (Komunista OR NPA OR Elitista) until:2023-01-01 since:2019-01-01,@AslLotoy,ASL Lotoy,tall dark n pogi,2020-07-07 00:50:38+00:00,378,40,Republic of the Philippines,"Bakit nalilinlang ng CPPNPA NDF TERRORIST ANG GOBYERNO,ginagamit ng KOMUNISTA ang UP UST PUP ATENEO na breeding ground https://t.co/DckD4YUHmS",Bakit nalilinlang ng CPPNPA NDF TERRORIST ANG GOBYERNOginagamit ng KOMUNISTA ang UP UST PUP ATENEO na breeding ground,2021-05-27 06:20:13+00:00,https://twitter.com/AslLotoy/status/1397799784010772481,"text, media",0,,0
18/03/2023 18:41:51 PM,Rey Christian E. Delos Reyes,Red tagging students from state universities,(UPD OR PUP OR DLSU OR Ateneo) AND (Komunista OR NPA OR Elitista) until:2023-01-01 since:2019-01-01,@AslLotoy,ASL Lotoy,tall dark n pogi,2020-07-07 00:50:38+00:00,378,40,Republic of the Philippines,Hindi daw sila KOMUNISTA pero recruiter ng mga STUDYANTE ng UP PUP UST FEU ATENEO upang mag-armas at mag NPA at labanan ang GOBYERNO https://t.co/Iy4PVRCXot,Hindi daw sila KOMUNISTA pero recruiter ng mga STUDYANTE ng UP PUP UST FEU ATENEO upang magarmas at mag NPA at labanan ang GOBYERNO,2021-03-31 02:16:36+00:00,https://twitter.com/AslLotoy/status/1377082369161617408,"text, media",0,,0
18/03/2023 18:41:52 PM,Rey Christian E. Delos Reyes,Red tagging students from state universities,(UPD OR PUP OR DLSU OR Ateneo) AND (Komunista OR NPA OR Elitista) until:2023-01-01 since:2019-01-01,@clawclaw87,Chloe Anne,"Enjoy mang-asar ng mga Duterte haters, wokekininams at dilawan paid trolls.",2018-08-04 17:51:04+00:00,224,205,Republic of the Philippines,@TishaCM PUP shud be made liable. Isang taon lang ako nag-aral dyan kc hindi ko tlaga ma-take ang garapalang recruitment ng mga komunista.,PUP shud be made liable Isang taon lang ako nagaral dyan kc hindi ko tlaga matake ang garapalang recruitment ng mga komunista,2019-08-10 08:11:35+00:00,https://twitter.com/clawclaw87/status/1160101374526394369,"text, user_mentions",2,1159870451675537408,0
18/03/2023 18:41:53 PM,Rey Christian E. Delos Reyes,Red tagging students from state universities,(UPD OR PUP OR DLSU OR Ateneo) AND (Komunista OR NPA OR Elitista) until:2023-01-01 since:2019-01-01,@inquirerdotnet,Inquirer,"Balanced News, Fearless Views. https://t.co/AuYsgsogFf",2008-07-16 00:36:41+00:00,1811,3729530,Republic of the Philippines,"WATCH: A day after protesting at the UP Diliman, another group supportive of the Duterte administration staged another rally in front of the PUP, calling the school a ‚Äúden of communist recruiters.‚Äù

READ: https://t.co/D3YSaNW5N5 https://t.co/wLslrgP7Fp",WATCH A day after protesting at the UP Diliman another group supportive of the Duterte administration staged another rally in front of the PUP calling the school a den of communist recruitersREAD,2020-11-21 03:03:03+00:00,https://twitter.com/inquirerdotnet/status/1329983635009593344,"text, urls, media",180,,12
18/03/2023 18:41:54 PM,Rey Christian E. Delos Reyes,Red tagging students from state universities,(UPD OR PUP OR DLSU OR Ateneo) AND (Komunista OR NPA OR Elitista) until:2023-01-01 since:2019-01-01,@jojoastudillo,jojo üëäüáµüá≠üëä,"Never try to f√º√ßk someone's life with a lie, when yours can be destroyed with the truth.
Solid DDS and BBM üëäüáµüá≠üëä",2010-11-11 18:08:08+00:00,2087,519,Republic of the Philippines,"@pnagovph Sa mga estudyante ng UP, PUP atbp gamitin niyo yung talino niyo sa pag aaral at wag magpalinlang sa mga rebeldeng komunista. üëäüáµüá≠üëä https://t.co/RYYdpt20zs",Sa mga estudyante ng UP PUP atbp gamitin niyo yung talino niyo sa pag aaral at wag magpalinlang sa mga rebeldeng komunista,2020-10-01 02:56:04+00:00,https://twitter.com/jojoastudillo/status/1311500096819785728,"text, user_mentions, media",11,1310897398466703360,4
18/03/2023 18:41:54 PM,Rey Christian E. Delos Reyes,Red tagging students from state universities,(UPD OR PUP OR DLSU OR Ateneo) AND (Komunista OR NPA OR Elitista) until:2023-01-01 since:2019-01-01,@GasmienJean,Jean Gasmie√±,Ayaw sa dilawan üòÖ,2019-08-04 12:59:26+00:00,85,4,Republic of the Philippines,Mga komunista sa PUP basahin niyo kung bakit na veto ni PRRD . https://t.co/TQmI04fU02,Mga komunista sa PUP basahin niyo kung bakit na veto ni PRRD,2019-09-13 14:28:45+00:00,https://twitter.com/GasmienJean/status/1172517478703845376,"text, media",0,,0
18/03/2023 18:41:55 PM,Rey Christian E. Delos Reyes,Red tagging students from state universities,(UPD OR PUP OR DLSU OR Ateneo) AND (Komunista OR NPA OR Elitista) until:2023-01-01 since:2019-01-01,@librengsapatos_,daijoubu tupaki,a flesh sack full of bad decisions,2017-03-08 14:08:03+00:00,379,278,Republic of the Philippines,@ClintMagada19 kala ko magiging komunista ka rin sa pup chz,kala ko magiging komunista ka rin sa pup chz,2019-11-17 13:03:49+00:00,https://twitter.com/librengsapatos_/status/1196051316079915008,"text, user_mentions",1,1196050920494075904,0
18/03/2023 18:41:56 PM,Rey Christian E. Delos Reyes,Red tagging students from state universities,(UPD OR PUP OR DLSU OR Ateneo) AND (Komunista OR NPA OR Elitista) until:2023-01-01 since:2019-01-01,@rubio_surber,Corazon Rubio Surber,,2016-06-06 02:32:44+00:00,282,373,Republic of the Philippines,"May sekretong plano against the government ang komunista / NPA sympathisers kaya ayaw nang military/police presence sa UP / PUP , Kiko?
#NOToTraPos 
#SaveProtectYouthsFromNPA
#SUPPORTsATL https://t.co/3QXPgdBWX9",May sekretong plano against the government ang komunista NPA sympathisers kaya ayaw nang militarypolice presence sa UP PUP KikoNOToTraPos SaveProtectYouthsFromNPASUPPORTsATL,2021-01-19 13:10:44+00:00,https://twitter.com/rubio_surber/status/1351517450010038279,"text, hashtags, urls",0,,0
18/03/2023 18:41:57 PM,Rey Christian E. Delos Reyes,Red tagging students from state universities,(UPD OR PUP OR DLSU OR Ateneo) AND (Komunista OR NPA OR Elitista) until:2023-01-01 since:2019-01-01,@ancelmoooo,HOOC üáµüá≠,"pro-gov/ayaw sa yellowmites sa Manila Bay/ No problem with activist but against activist turned terrorist NPA
#HandsOffOurChildren #ConstitutionalReformNOW",2015-06-25 06:04:23+00:00,1319,1001,Republic of the Philippines,"Kawawa naman komunista diyan sa UP, walang makuhang malaking traction sa PUP. Mas bukas sila at may kamalayan sa totoong galawan ng CPP NPA NDF na nagtatago sa legal/underground org. #DefendPUP from terrorist CPP NPA https://t.co/ndEYWO6pGL",Kawawa naman komunista diyan sa UP walang makuhang malaking traction sa PUP Mas bukas sila at may kamalayan sa totoong galawan ng CPP NPA NDF na nagtatago sa legalunderground org DefendPUP from terrorist CPP NPA,2021-01-19 13:03:41+00:00,https://twitter.com/ancelmoooo/status/1351515673093050368,"text, hashtags, media",2,,0
18/03/2023 18:41:58 PM,Rey Christian E. Delos Reyes,Red tagging students from state universities,(UPD OR PUP OR DLSU OR Ateneo) AND (Komunista OR NPA OR Elitista) until:2023-01-01 since:2019-01-01,@agador7,A Gador,,2015-10-23 23:23:40+00:00,121,118,Republic of the Philippines,"@LFSPhilippines Matagal na itong LFS na ito. Nasa college pa ako sa PUP, recruiter ng mga estudyante para maging NPA. Pakawala mg komunista, mg CPP NDF.üòñ Ingat kayo mga kabataan dito, gamitin ang utak.üòë Marcos Jr.",Matagal na itong LFS na ito Nasa college pa ako sa PUP recruiter ng mga estudyante para maging NPA Pakawala mg komunista mg CPP NDF Ingat kayo mga kabataan dito gamitin ang utak Marcos Jr,2022-12-06 15:26:28+00:00,https://twitter.com/agador7/status/1600149684894720000,"text, user_mentions",0,1597483185348423680,0
18/03/2023 18:41:59 PM,Rey Christian E. Delos Reyes,Red tagging students from state universities,(UPD OR PUP OR DLSU OR Ateneo) AND (Komunista OR NPA OR Elitista) until:2023-01-01 since:2019-01-01,@NellyGBasco,"NellyADN""ALDUB/MAICHARD4EVER""","Independent CPA, Consultant  - Member-Phil. Institute of Certified Public Accountants (PICPA)",2013-11-09 20:20:58+00:00,1861,3587,Republic of the Philippines,"@DensBraganza @lahollywoodcali GUSTO MO WALDEN BELLO GAMITIN ANG MGA KABATAAN NA SUMAPI SA KOMUNISTA, NAKITA MO NA ANG GINAWA NILA SA MGA KABATAAN SA UP, PUP, &amp; OTHER UNIVERSITIES NA MEMBERS NG CPP-NPA, KAYSA I-TRAIN TO BE GOOD SOLDIERS NG ATING BANSA?? SAAN NAMAN NAPUNTA ANG BRAIN MO??",GUSTO MO WALDEN BELLO GAMITIN ANG MGA KABATAAN NA SUMAPI SA KOMUNISTA NAKITA MO NA ANG GINAWA NILA SA MGA KABATAAN SA UP PUP amp OTHER UNIVERSITIES NA MEMBERS NG CPPNPA KAYSA ITRAIN TO BE GOOD SOLDIERS NG ATING BANSA SAAN NAMAN NAPUNTA ANG BRAIN MO,2022-01-20 22:02:09+00:00,https://twitter.com/NellyGBasco/status/1484285143879946243,"text, user_mentions",3,1484069975107194882,0
18/03/2023 18:41:59 PM,Rey Christian E. Delos Reyes,Red tagging students from state universities,(UPD OR PUP OR DLSU OR Ateneo) AND (Komunista OR NPA OR Elitista) until:2023-01-01 since:2019-01-01,@GrowlHarhar,Bong Onli,"Follow me and i follow you back agad¬≤.....

Marcos - Duterte Supporter ini... ‚úåüèæüëäüèæ",2020-08-31 07:17:14+00:00,7041,7341,Republic of the Philippines,"Bakit gusto nila MapaBag Sak, si BBM lalo sa Pagtakbo nito sa Pagka Pangulo?

Pagkat sya ay......
1. HINDI Tuta ng Ka No?
2. HINDI Pup Pet ng simbahan, msm, oligarko at komunista?
3. HINDI rin hawak ng mga Cartel at drug Lords lalo Gambling Lords?

Alam na sa Halalan2022",Bakit gusto nila MapaBag Sak si BBM lalo sa Pagtakbo nito sa Pagka PanguloPagkat sya ay1 HINDI Tuta ng Ka No2 HINDI Pup Pet ng simbahan msm oligarko at komunista3 HINDI rin hawak ng mga Cartel at drug Lords lalo Gambling LordsAlam na sa Halalan2022,2022-02-04 12:37:08+00:00,https://twitter.com/GrowlHarhar/status/1489578771900293120,text,8,,2
18/03/2023 18:42:00 PM,Rey Christian E. Delos Reyes,Red tagging students from state universities,(UPD OR PUP OR DLSU OR Ateneo) AND (Komunista OR NPA OR Elitista) until:2023-01-01 since:2019-01-01,@rod_pinochet,Rodrigo Suharto Pinochet üëä üáµüá≠ üôã‚Äç‚ôÇÔ∏è,"Proud DDS TROLL ‚ô•Ô∏èüáµüá≠ üíöAnti-Dilawan/Anti-CPP-NPA-NDF
#BBMSARA ‚ù§Ô∏è üáµüá≠ üíö
#YesToAntiTerrorismLaw üëä üáµüá≠üôã‚Äç‚ôÇÔ∏è
#FreeGenPalparan üëä üáµüá≠ üôã‚Äç‚ôÇÔ∏è",2018-12-20 07:40:55+00:00,1169,576,Republic of the Philippines,@Dutertenomics Dapat ilabas nila yung mga litrato ng mga teroristang komunista para madaling makilala. At dapat kasama yung mga nagkukuta sa UP at PUP.,Dapat ilabas nila yung mga litrato ng mga teroristang komunista para madaling makilala At dapat kasama yung mga nagkukuta sa UP at PUP,2020-05-19 02:33:56+00:00,https://twitter.com/rod_pinochet/status/1262572164244357120,"text, user_mentions",1,,0
18/03/2023 18:42:01 PM,Rey Christian E. Delos Reyes,Red tagging students from state universities,(UPD OR PUP OR DLSU OR Ateneo) AND (Komunista OR NPA OR Elitista) until:2023-01-01 since:2019-01-01,@ptpernia12,paul,BE A MONSTER,2013-05-31 01:34:09+00:00,645,260,Republic of the Philippines,@jaicabajar I am a pup grad. Yes obvious Dian ang NPA recruitment. May mga poster pa sila nakakabit sa mga classroom. Parang normal na nalng sa peyups Yan. Tanga nalang ang sasapi sa mga komunista.,I am a pup grad Yes obvious Dian ang NPA recruitment May mga poster pa sila nakakabit sa mga classroom Parang normal na nalng sa peyups Yan Tanga nalang ang sasapi sa mga komunista,2021-01-22 02:41:26+00:00,https://twitter.com/ptpernia12/status/1352446244019261444,"text, user_mentions",0,1352354670686171136,0
18/03/2023 18:42:02 PM,Rey Christian E. Delos Reyes,Red tagging students from state universities,(UPD OR PUP OR DLSU OR Ateneo) AND (Komunista OR NPA OR Elitista) until:2023-01-01 since:2019-01-01,@XENX1A,Xenny #NoToJeepneyPhaseout,,2015-05-10 01:08:18+00:00,14806,22383,Republic of the Philippines,"Marahil nakatatak na rin sa mga isip ng mga t√°ong kagaya nila na kapag galing kang PUP, automatic, komunista o leftist o salot ka ng lipunan.

Nakakalungkot isipin. Mistulang huhusgahan ka nila mula ulo hanggang paa.",Marahil nakatatak na rin sa mga isip ng mga tong kagaya nila na kapag galing kang PUP automatic komunista o leftist o salot ka ng lipunanNakakalungkot isipin Mistulang huhusgahan ka nila mula ulo hanggang paa,2019-08-08 13:38:23+00:00,https://twitter.com/XENX1A/status/1159458837880926208,text,21,1159455545847271425,3
18/03/2023 18:42:03 PM,Rey Christian E. Delos Reyes,Red tagging students from state universities,(UPD OR PUP OR DLSU OR Ateneo) AND (Komunista OR NPA OR Elitista) until:2023-01-01 since:2019-01-01,@greaterDan_,dan üêç,"the rumors are terrible and cruel but honey most of them are true | abm, feu ‚Äò18 | management engineering, admu ‚Äò22 | opinions and views are my own | he/him",2014-01-10 10:26:13+00:00,1141,2215,Republic of the Philippines,@jhnlvrdln Mga komunista talaga mga taga UP at PUP. Mga taga bundok üò§üò§,Mga komunista talaga mga taga UP at PUP Mga taga bundok,2020-03-19 09:45:16+00:00,https://twitter.com/greaterDan_/status/1240575056658329606,text,1,1240572254787756033,0
18/03/2023 18:42:03 PM,Rey Christian E. Delos Reyes,Red tagging students from state universities,(UPD OR PUP OR DLSU OR Ateneo) AND (Komunista OR NPA OR Elitista) until:2023-01-01 since:2019-01-01,@nickyysilverio,Nicholas Ybasco Silverio,"Boy Scout ü§ò
Loves the beach. üèñÔ∏è
The simpler the better. üêà",2017-10-01 14:40:12+00:00,271,31,Republic of the Philippines,"Heto, panoorin nyo ito, napakagaling at napakagandang paliwanag ni Bro. Eli Soriano tungkol sa infiltration at recruitment na ginagawa ng mga Komunista sa mga State Universities sa buong Pilipinas (UP, PUP, UEP, &amp;c.); i share nyo sa iba para mapanood din:

https://t.co/BBR2NqMacT",Heto panoorin nyo ito napakagaling at napakagandang paliwanag ni Bro Eli Soriano tungkol sa infiltration at recruitment na ginagawa ng mga Komunista sa mga State Universities sa buong Pilipinas UP PUP UEP ampc i share nyo sa iba para mapanood din,2021-02-07 14:39:17+00:00,https://twitter.com/nickyysilverio/status/1358425103831236608,"text, urls",0,,0
18/03/2023 18:42:04 PM,Rey Christian E. Delos Reyes,Red tagging students from state universities,(UPD OR PUP OR DLSU OR Ateneo) AND (Komunista OR NPA OR Elitista) until:2023-01-01 since:2019-01-01,@Migrate_Austral,DDelRosarioMajarlika,Community Worker/Educator,2011-08-24 06:51:13+00:00,77,80,Republic of the Philippines,@ToniSpeakEasy @AltDARNA Ok lang yan kay Lorenzana busy sa UP at PUP ang mga military Inutil. Kaya ung intel ay spelling ay INUTIL! Nag hahanap ng komunista sa mga skols ang mga lintek na ito pero ung nasa tungkil ng ilong nila IWAS MAKITAü§Æü§Æü§Æ,Ok lang yan kay Lorenzana busy sa UP at PUP ang mga military Inutil Kaya ung intel ay spelling ay INUTIL Nag hahanap ng komunista sa mga skols ang mga lintek na ito pero ung nasa tungkil ng ilong nila IWAS MAKITA,2021-01-24 23:22:48+00:00,https://twitter.com/Migrate_Austral/status/1353483418915336192,"text, user_mentions",2,1353310572234727426,0
18/03/2023 18:42:05 PM,Rey Christian E. Delos Reyes,Red tagging students from state universities,(UPD OR PUP OR DLSU OR Ateneo) AND (Komunista OR NPA OR Elitista) until:2023-01-01 since:2019-01-01,@dcvergarax,Rebo Vergara,mangarap at magmahal,2022-03-18 05:56:06+00:00,219,245,Republic of the Philippines,"may mga magulang na nilelabel na NPA/komunista/terorista ang mga estudyante na nagrarally o nananawagan para sa mas mataas na badyet para sa edukasyon. pero ngayon, sa mga minsan nilang tinawag na terorista at NPA sila lumalapit para maipasok anak nila.",may mga magulang na nilelabel na NPAkomunistaterorista ang mga estudyante na nagrarally o nananawagan para sa mas mataas na badyet para sa edukasyon pero ngayon sa mga minsan nilang tinawag na terorista at NPA sila lumalapit para maipasok anak nila,2022-05-31 12:40:56+00:00,https://twitter.com/dcvergarax/status/1531616716782206977,text,16,,3
18/03/2023 18:42:06 PM,Rey Christian E. Delos Reyes,Red tagging students from state universities,(UPD OR PUP OR DLSU OR Ateneo) AND (Komunista OR NPA OR Elitista) until:2023-01-01 since:2019-01-01,@pusanggala007,Pusang Gala,"To everyone, this is my only twitter account.",2021-12-10 19:29:24+00:00,131,12367,Republic of the Philippines,Ay engot! Nagkaroon ng NPA dahil sa ideolohiyang komunista at nirecruit nila ang mga walang malay na mahihirap. Sa panahon ngayon hindi justification ang humawak ka ng armas dahil lang mahirap ka. Kung tutoo yang sinasabi mo eh di lahat sana ng mahihirap ay NPA na! https://t.co/IZx9E4J7xl,Ay engot Nagkaroon ng NPA dahil sa ideolohiyang komunista at nirecruit nila ang mga walang malay na mahihirap Sa panahon ngayon hindi justification ang humawak ka ng armas dahil lang mahirap ka Kung tutoo yang sinasabi mo eh di lahat sana ng mahihirap ay NPA na,2022-12-22 17:20:19+00:00,https://twitter.com/pusanggala007/status/1605976540881174532,"text, urls",108,,19
18/03/2023 18:42:07 PM,Rey Christian E. Delos Reyes,Red tagging students from state universities,(UPD OR PUP OR DLSU OR Ateneo) AND (Komunista OR NPA OR Elitista) until:2023-01-01 since:2019-01-01,@TishaCM,TishaCM,"A dreamer, a believer, a lifelong learner | History | Politics | Business | Travel | Nature | Arts | Music | Movies | Sports | Dining",2010-02-23 03:03:58+00:00,425,28181,Republic of the Philippines,"ROTC will instill, not only discipline, but also patriotism, loyalty to the Philippine flag, and sense of duty to defend the country against hostile forces. Restoring ROTC will make it more difficult for enemies of the State like the NPA to recruit youth.",ROTC will instill not only discipline but also patriotism loyalty to the Philippine flag and sense of duty to defend the country against hostile forces Restoring ROTC will make it more difficult for enemies of the State like the NPA to recruit youth,2022-08-18 23:19:35+00:00,https://twitter.com/TishaCM/status/1560406082085855235,text,781,,175
18/03/2023 18:42:08 PM,Rey Christian E. Delos Reyes,Red tagging students from state universities,(UPD OR PUP OR DLSU OR Ateneo) AND (Komunista OR NPA OR Elitista) until:2023-01-01 since:2019-01-01,@TishaCM,TishaCM,"A dreamer, a believer, a lifelong learner | History | Politics | Business | Travel | Nature | Arts | Music | Movies | Sports | Dining",2010-02-23 03:03:58+00:00,425,28181,Republic of the Philippines,"If the NPA can recruit students to take up arms against the State, the government has the paramount duty to protect the State by recruiting students to fight terrorism. Revive ROTC to deter NPA recruitment.",If the NPA can recruit students to take up arms against the State the government has the paramount duty to protect the State by recruiting students to fight terrorism Revive ROTC to deter NPA recruitment,2022-08-18 23:24:05+00:00,https://twitter.com/TishaCM/status/1560407216196296704,text,1262,,331
18/03/2023 18:42:08 PM,Rey Christian E. Delos Reyes,Red tagging students from state universities,(UPD OR PUP OR DLSU OR Ateneo) AND (Komunista OR NPA OR Elitista) until:2023-01-01 since:2019-01-01,@AlexBNFC,Alexander Bonifacio,Observa ius meum in tua sententia falli.,2022-01-17 02:08:46+00:00,167,357,Republic of the Philippines,"Is Leni Robredo employing the same brainwashing technique being utilized by the CPP-NPA-NDF to recruit the youth? 

Just look at how the toxic campaign of Leni Robredo destroyed the relationship between Loren Legarda and her son.",Is Leni Robredo employing the same brainwashing technique being utilized by the CPPNPANDF to recruit the youth Just look at how the toxic campaign of Leni Robredo destroyed the relationship between Loren Legarda and her son,2022-05-04 07:23:37+00:00,https://twitter.com/AlexBNFC/status/1521752392932331521,text,149,,35
18/03/2023 18:42:09 PM,Rey Christian E. Delos Reyes,Red tagging students from state universities,(UPD OR PUP OR DLSU OR Ateneo) AND (Komunista OR NPA OR Elitista) until:2023-01-01 since:2019-01-01,@i_amniccss,niccs ü©∫,| an isko with a fragile heart | upm üåªü©∫,2021-01-01 10:46:49+00:00,691,993,Republic of the Philippines,"Wearing UP merch during house to house survey, 6 houses na nag refuse nag re recruit daw kami para maging NPA.",Wearing UP merch during house to house survey 6 houses na nag refuse nag re recruit daw kami para maging NPA,2022-12-08 03:36:35+00:00,https://twitter.com/i_amniccss/status/1600695812501426176,text,7,,0
18/03/2023 18:42:10 PM,Rey Christian E. Delos Reyes,Red tagging students from state universities,(UPD OR PUP OR DLSU OR Ateneo) AND (Komunista OR NPA OR Elitista) until:2023-01-01 since:2019-01-01,@ThePaladin33,Sagittarius33,Cat lover,2018-02-05 15:59:41+00:00,1845,1746,Republic of the Philippines,"Tama yan Prof. It has to stop. These KABAG or NPA's who are shouting and using Peace Talks only as their defense for them to recruit more people to be their army. Also, they will have more time to strengthen their arm forces &amp; create plans on how to destabilize &amp; ruin our gov't. https://t.co/7SThfHXNXy",Tama yan Prof It has to stop These KABAG or NPAs who are shouting and using Peace Talks only as their defense for them to recruit more people to be their army Also they will have more time to strengthen their arm forces amp create plans on how to destabilize amp ruin our govt,2022-06-10 11:39:34+00:00,https://twitter.com/ThePaladin33/status/1535225155550855168,"text, media",48,,9
18/03/2023 18:42:11 PM,Rey Christian E. Delos Reyes,Red tagging students from state universities,(UPD OR PUP OR DLSU OR Ateneo) AND (Komunista OR NPA OR Elitista) until:2023-01-01 since:2019-01-01,@sapio_sensual,Mareck,"PhD, DBA, Mngmnt Consultant, Intelligence is sexy but sensuality is sexier, low key but highly educted!Nothing is so serious here just for fun!",2020-03-16 11:05:08+00:00,379,255,Republic of the Philippines,"@iamRaoulManuel Nope, you're thnkng hw to recruit for NPA",Nope youre thnkng hw to recruit for NPA,2022-12-29 20:10:08+00:00,https://twitter.com/sapio_sensual/status/1608555990118731779,"text, user_mentions",0,1608319449643327488,0
18/03/2023 18:42:11 PM,Rey Christian E. Delos Reyes,Red tagging students from state universities,(UPD OR PUP OR DLSU OR Ateneo) AND (Komunista OR NPA OR Elitista) until:2023-01-01 since:2019-01-01,@GonzagaKii,Pasta,üáµüá≠üè≥Ô∏è‚Äçüåà #ProPhilippines,2016-10-29 12:25:06+00:00,4028,4036,Republic of the Philippines,"@elonmusk üî∫ Suspend accounts that engages in terrorism recruitment (this is prevalent in Philippines, where they recruit the youth to join the CPP/NPA/NDF operatives) Thousands have been killed already, especially civilians.",Suspend accounts that engages in terrorism recruitment this is prevalent in Philippines where they recruit the youth to join the CPPNPANDF operatives Thousands have been killed already especially civilians,2022-11-19 00:32:16+00:00,https://twitter.com/GonzagaKii/status/1593764056825212930,"text, user_mentions",27,1593659832552153093,3
18/03/2023 18:42:12 PM,Rey Christian E. Delos Reyes,Red tagging students from state universities,(UPD OR PUP OR DLSU OR Ateneo) AND (Komunista OR NPA OR Elitista) until:2023-01-01 since:2019-01-01,@Ragnar_Lapulapu,Ragnar,,2012-04-21 14:55:30+00:00,594,583,Republic of the Philippines,@ella_villa1 @Vagnarok1 Perfect way to recruit NPA using government‚Äôs money,villa1 Perfect way to recruit NPA using governments money,2021-07-08 02:04:25+00:00,https://twitter.com/Ragnar_Lapulapu/status/1412955700561518595,"text, user_mentions",2,1412936022636130305,0
18/03/2023 18:42:13 PM,Rey Christian E. Delos Reyes,Red tagging students from state universities,(UPD OR PUP OR DLSU OR Ateneo) AND (Komunista OR NPA OR Elitista) until:2023-01-01 since:2019-01-01,@ella_villa1,Ella Villanueva,‚ÄúMany of life‚Äôs failures are people who did not realize how close they were to success when they gave up.‚Äù,2021-04-26 06:09:39+00:00,188,89,Republic of the Philippines,https://t.co/wDrknkvc23,,2021-07-08 00:46:13+00:00,https://twitter.com/ella_villa1/status/1412936022636130305,"text, media",148,,38
18/03/2023 18:42:14 PM,Rey Christian E. Delos Reyes,Red tagging students from state universities,(UPD OR PUP OR DLSU OR Ateneo) AND (Komunista OR NPA OR Elitista) until:2023-01-01 since:2019-01-01,@AlexisVeek2ria,Alexis Victoria,"Hybrid Spanish, Pacific Islander, European, Native American w/heart &  human mentality ‚ù£‚ù§‚ù§‚ù§üíöüíöüíö
I'd agree with you, but then we'd both be wrong-Unknownüôâüôäüôà",2021-01-06 17:28:52+00:00,62,46,Republic of the Philippines,"@LeodyManggagawa @sparkabataan Wow now you guys are really getting brave with your outright attempt to recruit NPA's. Note you and yours alike, make sure you don't have your hands out when our new administration lifts our economy up ok?!üëä #pieceoffreeloadingshits",Wow now you guys are really getting brave with your outright attempt to recruit NPAs Note you and yours alike make sure you dont have your hands out when our new administration lifts our economy up ok pieceoffreeloadingshits,2022-07-04 23:01:42+00:00,https://twitter.com/AlexisVeek2ria/status/1544094127653916672,"text, hashtags, user_mentions",0,1543423738519388160,0
18/03/2023 18:42:15 PM,Rey Christian E. Delos Reyes,Red tagging students from state universities,(UPD OR PUP OR DLSU OR Ateneo) AND (Komunista OR NPA OR Elitista) until:2023-01-01 since:2019-01-01,@kakag_ev,Kamatuoran Para Kagawasan,,2020-06-26 15:17:06+00:00,419,322,Republic of the Philippines,"BABALA ‚ùó‚ùó‚ùó 

MGA NAGRERECRUIT ANG MGA TERORISTANG NPA TARGET ANG MGA KABATAAN SA BICOL.

HUWAG PO NATING HAYAANG SIRAIN NG TERORISTANG CPP-NPA ANG BUHAY NG ATING MGA KABATAAN!
#HandsOffOurChildren ‚ùó https://t.co/v7Hx1M5bqh",BABALA MGA NAGRERECRUIT ANG MGA TERORISTANG NPA TARGET ANG MGA KABATAAN SA BICOLHUWAG PO NATING HAYAANG SIRAIN NG TERORISTANG CPPNPA ANG BUHAY NG ATING MGA KABATAANHandsOffOurChildren,2022-06-21 05:19:53+00:00,https://twitter.com/kakag_ev/status/1539115868856229889,"text, hashtags, media",106,,48
18/03/2023 18:42:16 PM,Rey Christian E. Delos Reyes,Red tagging students from state universities,(UPD OR PUP OR DLSU OR Ateneo) AND (Komunista OR NPA OR Elitista) until:2023-01-01 since:2019-01-01,@ceeessamestreet,passiflore üíê,"‚†Ä‚†Ä ìÜ©‚ô°ìÜ™ ùë¶ùëúùë¢ ùëêùëéùëüùëüùë¶ ùë°‚Ñéùëí ùëéùë¢ùëüùëé ùëúùëì ùë°‚Ñéùëí ùë†ùë°ùëéùëüùë† ìÜ©‚ô°ìÜ™

 ‚†Ä",2016-12-31 13:53:01+00:00,424,118,Republic of the Philippines,"and for the record all colleges, regardless of whether ateneo yan or ust, literally have the same books on history that we do and promot Freedom of Thought. in that regard sila ba sad nag recruit NPA",and for the record all colleges regardless of whether ateneo yan or ust literally have the same books on history that we do and promot Freedom of Thought in that regard sila ba sad nag recruit NPA,2022-05-22 03:12:08+00:00,https://twitter.com/ceeessamestreet/status/1528212085837950981,text,0,,0
18/03/2023 18:42:17 PM,Rey Christian E. Delos Reyes,Red tagging students from state universities,(UPD OR PUP OR DLSU OR Ateneo) AND (Komunista OR NPA OR Elitista) until:2023-01-01 since:2019-01-01,@gigaigurlmd,Giga Basilio Igurashiü©∫,I say what you don't want to hear. You get offended. I just YAWN.ü•± I don't cast pearls before pigs.,2020-02-01 23:18:40+00:00,690,753,Republic of the Philippines,"Spread the word &amp; warn your children &amp; their friends. Ayaw tumigil ng teroristang CPP-NDF-NPA sa pagre-recruit. In fact, they're stepping up their recruitment efforts &amp; starting to target younger children, yung mga nasa high school pa lang.

#HandsOffOurChildren
#NoToCPPNPANDF https://t.co/S8akYCkubz",Spread the word amp warn your children amp their friends Ayaw tumigil ng teroristang CPPNDFNPA sa pagrerecruit In fact theyre stepping up their recruitment efforts amp starting to target younger children yung mga nasa high school pa langHandsOffOurChildrenNoToCPPNPANDF,2022-07-19 14:45:33+00:00,https://twitter.com/gigaigurlmd/status/1549405084555137024,"text, hashtags, urls",1,,2
18/03/2023 18:42:17 PM,Rey Christian E. Delos Reyes,Red tagging students from state universities,(UPD OR PUP OR DLSU OR Ateneo) AND (Komunista OR NPA OR Elitista) until:2023-01-01 since:2019-01-01,@iamsparky79,sparky,,2016-12-07 15:21:55+00:00,495,298,Republic of the Philippines,"@ilda_talk I vote for gov't agencies like DepEd, COA, and DOJ to investigate UP Diliman's officials, directors and teachers for propagating misinformation to students, to detail budget expenses and trafficking coz they allow npa to recruit students.",talk I vote for govt agencies like DepEd COA and DOJ to investigate UP Dilimans officials directors and teachers for propagating misinformation to students to detail budget expenses and trafficking coz they allow npa to recruit students,2022-09-19 00:36:46+00:00,https://twitter.com/iamsparky79/status/1571659529775116292,"text, user_mentions",12,1571584750585790471,1
18/03/2023 18:42:18 PM,Rey Christian E. Delos Reyes,Red tagging students from state universities,(UPD OR PUP OR DLSU OR Ateneo) AND (Komunista OR NPA OR Elitista) until:2023-01-01 since:2019-01-01,@xOrigin24x,xOriginx,paid troll daw ako ü§≠üëäüèºüáµüá≠,2021-12-06 16:52:30+00:00,759,110,Republic of the Philippines,"@AlfredoGenom @Maria398212 NPA recruit yan mga student na nagpoprotest. 
Same NPA who‚Äôs getting fund from Nuns which are direct donation from foreigners thru NGO, the likes of NGA - agaw buhaw created ni lenlen.",NPA recruit yan mga student na nagpoprotest Same NPA whos getting fund from Nuns which are direct donation from foreigners thru NGO the likes of NGA agaw buhaw created ni lenlen,2022-08-16 17:02:07+00:00,https://twitter.com/xOrigin24x/status/1559586311748608003,"text, user_mentions",1,1559528260459188225,1
18/03/2023 18:42:19 PM,Rey Christian E. Delos Reyes,Red tagging students from state universities,(UPD OR PUP OR DLSU OR Ateneo) AND (Komunista OR NPA OR Elitista) until:2023-01-01 since:2019-01-01,@keizerinj,Yondaime,,2009-07-04 04:29:11+00:00,510,626,Republic of the Philippines,"@andie0312 I don‚Äôt care if professors teach ideologies and philosophies against my beliefs, which they do. But that‚Äôs beside the point. Teaching terrorist ideologies for the purpose of recruiting them to become terrorists is against the ATL. That‚Äôs what matters here.",I dont care if professors teach ideologies and philosophies against my beliefs which they do But thats beside the point Teaching terrorist ideologies for the purpose of recruiting them to become terrorists is against the ATL Thats what matters here,2022-07-08 09:07:47+00:00,https://twitter.com/keizerinj/status/1545333817790976000,"text, user_mentions",0,1545332313571360768,0
18/03/2023 18:42:20 PM,Rey Christian E. Delos Reyes,Red tagging students from state universities,(UPD OR PUP OR DLSU OR Ateneo) AND (Komunista OR NPA OR Elitista) until:2023-01-01 since:2019-01-01,@keizerinj,Yondaime,,2009-07-04 04:29:11+00:00,510,626,Republic of the Philippines,"@andie0312 Well, it‚Äôs happening in universities. Terrorist ideologies are being shared there for decades. Campus recruitment were proven true by former rebels who surrendered.",Well its happening in universities Terrorist ideologies are being shared there for decades Campus recruitment were proven true by former rebels who surrendered,2022-07-08 08:56:00+00:00,https://twitter.com/keizerinj/status/1545330851772125184,"text, user_mentions",1,1545329970834448385,0
