2023-03-02 10:35:31.097287,Rey Christian E. Delos Reyes,Red tagging students from state universities,"""NPA""",@markmasalunga,Mark Masalunga,,,2011-09-24 02:18:06+00:00,458,643,Republic of the Philippines,@enriqueznestor1 @dumidyeypee Isa pa thru national ID madaling ng madistinguised mga NPA at terorista sa mga civilian.,Isa pa thru national ID madaling ng madistinguised mga NPA at terorista sa mga civilian,,2023-03-01 10:57:20+00:00,https://twitter.com/markmasalunga/status/1630884922692091904,"text, user_mentions",0,1630881461988642817,0,,,,,
2023-03-02 10:35:31.097287,Rey Christian E. Delos Reyes,Red tagging students from state universities,"""NPA""",@iamjlgarcia95,JLGğŸ‘‘,"To God Be The Glory, Amen ğŸ˜‡ğŸ™
Filipino ğŸ‡µğŸ‡­ - America ğŸ‡ºğŸ‡¸
â¤ï¸ğŸ’š",,2019-01-01 12:24:38+00:00,186,16,Republic of the Philippines,"@pusanggala007 NO ICC
NO PINK AND YELLOW DILAWAN
NO EUROPEAN PARLIAMENT 
NO CPP-NPA-NDF âš ï¸
NO TERRORISTSâš ï¸
NO JOMA SISON âš ï¸",NO ICCNO PINK AND YELLOW DILAWANNO EUROPEAN PARLIAMENT NO CPPNPANDF NO TERRORISTSNO JOMA SISON,,2023-03-01 05:54:54+00:00,https://twitter.com/iamjlgarcia95/status/1630808812528758786,"text, user_mentions",5,1630784507916812290,0,,,,,
2023-03-02 10:35:31.097287,Rey Christian E. Delos Reyes,Red tagging students from state universities,"""NPA""",@rubio_surber,Corazon Rubio Surber,,,2016-06-06 02:32:44+00:00,281,367,Republic of the Philippines,"Galit sila sa diktador/tyrant but their actions speaks for itself. Truth hurts o takot mabisto na nag ""Akyat-Bahay""â€¦ https://t.co/2QrRHo5l0H",Galit sila sa diktadortyrant but their actions speaks for itself Truth hurts o takot mabisto na nag AkyatBahay,,2023-03-01 05:38:49+00:00,https://twitter.com/rubio_surber/status/1630804765885239296,"text, urls",8,,2,,,,,
2023-03-02 10:35:31.098287,Rey Christian E. Delos Reyes,Red tagging students from state universities,"""NPA""",@daranganboy,larry s. santos,"30 years working in the intersection between humanitarian, peacebuilding and development investments.",,2010-05-20 04:44:33+00:00,2303,131,Republic of the Philippines,@ColmenaresPH @BayanMuna kaya sabihan nyo ang mga kasama nyo na ibaba na ang armas at managot sa mga kriminalidad nâ€¦ https://t.co/75vJRSTKEk,kaya sabihan nyo ang mga kasama nyo na ibaba na ang armas at managot sa mga kriminalidad n,,2023-02-26 02:57:36+00:00,https://twitter.com/daranganboy/status/1629677028986478592,"text, user_mentions, urls",4,1629378903927291904,1,,,,,
2023-03-02 10:35:31.098287,Rey Christian E. Delos Reyes,Red tagging students from state universities,"""NPA""",@Bulakenyo19,Bulakenyo,Live your life to the fullest,,2022-06-14 08:05:06+00:00,4513,335,Republic of the Philippines,"@muttley197182 Nakaka lungkot, masasabi mo na lang na salot sa bansa yang NPA,,,",Nakaka lungkot masasabi mo na lang na salot sa bansa yang NPA,,2023-02-25 21:09:24+00:00,https://twitter.com/Bulakenyo19/status/1629589400480018432,"text, user_mentions",0,1627860691414839296,0,,,,,
2023-03-02 10:35:31.098287,Rey Christian E. Delos Reyes,Red tagging students from state universities,"""NPA""",@rageagaintsmach,lavine bulls,,,2009-10-16 06:58:32+00:00,24,13,Republic of the Philippines,@giopott @ChelDiokno Hirap sa inyo mga diretso onidoro ayaw nyo tangapin katotohanan na naka kabit partido nyo sa râ€¦ https://t.co/hwOWIkyMjX,Hirap sa inyo mga diretso onidoro ayaw nyo tangapin katotohanan na naka kabit partido nyo sa r,,2023-02-25 13:47:18+00:00,https://twitter.com/rageagaintsmach/status/1629478143198400513,"text, user_mentions, urls",0,1629471288157937667,0,,,,,
2023-03-02 10:35:31.099287,Rey Christian E. Delos Reyes,Red tagging students from state universities,"""NPA""",@rageagaintsmach,lavine bulls,,,2009-10-16 06:58:32+00:00,24,13,Republic of the Philippines,@ChelDiokno Hindi mo mahal ang pilipinas dahil suportado ka sa npa at druglord tulad ni delima,Hindi mo mahal ang pilipinas dahil suportado ka sa npa at druglord tulad ni delima,,2023-02-25 10:04:08+00:00,https://twitter.com/rageagaintsmach/status/1629421983418171394,"text, user_mentions",1,1629421034238607365,0,,,,,
2023-03-02 10:35:31.099287,Rey Christian E. Delos Reyes,Red tagging students from state universities,"""NPA""",@mocorro_cesar,Cesar Mocorro,To live with a healthy life at my wee hours and see my daughter finish THIER education and be at god all the time.,,2022-05-01 22:16:43+00:00,188,9,Republic of the Philippines,@PhilstarNews NILOKO LANG NINYO MGA PILIPINO SA PAGTOPPLE KAY MARCOS SR KUNDI KAYO NAKINABANG MGA ALAGAD NG SIMBAHAâ€¦ https://t.co/j7jt9TdTSA,NILOKO LANG NINYO MGA PILIPINO SA PAGTOPPLE KAY MARCOS SR KUNDI KAYO NAKINABANG MGA ALAGAD NG SIMBAHA,,2023-02-25 02:05:52+00:00,https://twitter.com/mocorro_cesar/status/1629301622324203521,"text, user_mentions, urls",0,1629300309268008961,0,,,,,
2023-03-02 10:35:31.099287,Rey Christian E. Delos Reyes,Red tagging students from state universities,"""NPA""",@daranganboy,larry s. santos,"30 years working in the intersection between humanitarian, peacebuilding and development investments.",,2010-05-20 04:44:33+00:00,2303,131,Republic of the Philippines,@bi__say dapat mqubos na ang mga teroristang CCP NPA NDF na kagaya ninyo,say dapat mqubos na ang mga teroristang CCP NPA NDF na kagaya ninyo,,2023-02-24 20:43:38+00:00,https://twitter.com/daranganboy/status/1629220530040741888,"text, user_mentions",1,1629023170844819459,0,,,,,
2023-03-02 10:35:31.099287,Rey Christian E. Delos Reyes,Red tagging students from state universities,"""NPA""",@rageagaintsmach,lavine bulls,,,2009-10-16 06:58:32+00:00,24,13,Republic of the Philippines,@RichImperial @VinceTanada Sama mo mga npa manunuod yanğŸ˜‚ğŸ˜‚ğŸ˜‚ğŸ˜‚ğŸ˜‚ğŸ˜…,Sama mo mga npa manunuod yan,,2023-02-24 03:56:36+00:00,https://twitter.com/rageagaintsmach/status/1628967103922581505,"text, user_mentions",1,1628949540098256896,0,,,,,
2023-03-02 10:35:31.100286,Rey Christian E. Delos Reyes,Red tagging students from state universities,"""NPA""",@rubio_surber,Corazon Rubio Surber,,,2016-06-06 02:32:44+00:00,281,367,Republic of the Philippines,ğŸ˜¥ğŸ˜¥First I would like to give my heartfelt Condolences to the family of Pvt.John Paul Adalim and  Pvt.Mark June D. Eâ€¦ https://t.co/6ys4du7psg,First I would like to give my heartfelt Condolences to the family of PvtJohn Paul Adalim and PvtMark June D E,,2023-02-23 10:01:59+00:00,https://twitter.com/rubio_surber/status/1628696666592415745,"text, urls",4,,1,,,,,
2023-03-02 10:35:31.100286,Rey Christian E. Delos Reyes,Red tagging students from state universities,"""NPA""",@rageagaintsmach,lavine bulls,,,2009-10-16 06:58:32+00:00,24,13,Republic of the Philippines,@nabunturanguy @starvetheTROLL Bakit ayaw nyo sabihin sa icc ung npa gank karami napatay nila?? Dahil ba kaalyansa nyo npa???,Bakit ayaw nyo sabihin sa icc ung npa gank karami napatay nila Dahil ba kaalyansa nyo npa,,2023-02-22 20:16:02+00:00,https://twitter.com/rageagaintsmach/status/1628488809964003328,"text, user_mentions",0,1626794116964302848,0,,,,,
2023-03-02 10:35:31.100286,Rey Christian E. Delos Reyes,Red tagging students from state universities,"""NPA""",@rageagaintsmach,lavine bulls,,,2009-10-16 06:58:32+00:00,24,13,Republic of the Philippines,@ABSCBNNews @anjo_bagaoisan There goes npa..san kaya renato reyes???,bagaoisan There goes npasan kaya renato reyes,,2023-02-22 20:06:02+00:00,https://twitter.com/rageagaintsmach/status/1628486291817132032,"text, user_mentions",0,1628321213042028545,0,,,,,
2023-03-02 10:35:31.101288,Rey Christian E. Delos Reyes,Red tagging students from state universities,"""NPA""",@Sosuke_Saori,qcbottom,Sub Bottom | QC,,2020-10-06 00:04:47+00:00,514,168,Republic of the Philippines,Sira na naman ang justice system ng Pinas sabi ng kakampinks na NPA supporters ğŸ˜… https://t.co/xEL9qsXatb,Sira na naman ang justice system ng Pinas sabi ng kakampinks na NPA supporters,,2023-02-22 16:41:44+00:00,https://twitter.com/Sosuke_Saori/status/1628434877241769984,"text, urls",0,,0,,,,,
2023-03-02 10:35:31.101288,Rey Christian E. Delos Reyes,Red tagging students from state universities,"""NPA""",@oalee,Oliver ğŸ‡µğŸ‡­ #FedParlNow,"If you're going to argue, argue with facts and not with emotions.

""Facts don't care about your feelings"" - Ben Shapiro",,2009-04-16 05:16:35+00:00,381,413,Republic of the Philippines,Idiot talaga tong si @natoreyes kahit kelan. Paano magkakaron ng pagbabago kung hindi babaguhin ang sistema? Ilangâ€¦ https://t.co/DbSinL8VZu,Idiot talaga tong si kahit kelan Paano magkakaron ng pagbabago kung hindi babaguhin ang sistema Ilang,,2023-02-22 15:36:34+00:00,https://twitter.com/oalee/status/1628418477135646721,"text, user_mentions, urls",13,,5,,,,,
2023-03-02 10:35:31.101288,Rey Christian E. Delos Reyes,Red tagging students from state universities,"""NPA""",@mighty_jaybee,James Baladjay â¤ğŸ’šğŸ‘ŠğŸ¼âœŒğŸ¼,"I just wanna be happy. Not confused, not hurt, not stressed, just happy.",,2011-12-07 14:15:45+00:00,180,168,Republic of the Philippines,@lorenlegardaaa ito ba yung sinasabi mong hindi kalaban ang NPA? Eh di nga marunong rumespeto sa ating mga sundaloâ€¦ https://t.co/c2qvt5vrDA,ito ba yung sinasabi mong hindi kalaban ang NPA Eh di nga marunong rumespeto sa ating mga sundalo,,2023-02-22 06:48:41+00:00,https://twitter.com/mighty_jaybee/status/1628285634141102081,"text, user_mentions, urls",0,,0,,,,,
2023-03-02 10:35:31.101288,Rey Christian E. Delos Reyes,Red tagging students from state universities,"""NPA""",@rageagaintsmach,lavine bulls,,,2009-10-16 06:58:32+00:00,24,13,Republic of the Philippines,@ABSCBNNews Why not probe npa,Why not probe npa,,2023-02-22 04:14:39+00:00,https://twitter.com/rageagaintsmach/status/1628246868282191872,"text, user_mentions",0,1628014172083462144,0,,,,,
2023-03-02 10:35:31.102287,Rey Christian E. Delos Reyes,Red tagging students from state universities,"""NPA""",@KBanguel,KHBanguel,,,2018-01-25 12:19:15+00:00,720,232,Republic of the Philippines,SUNOG SI INDAY ğŸ¤£ğŸ¤£ğŸ¤£ GUSTO PALAGI PALABASIN MASAMA ANG ML PALIBHASA ISA SYANG NPA ğŸ¤£ğŸ¤£ğŸ¤£ https://t.co/kmGeHe8WUU,SUNOG SI INDAY GUSTO PALAGI PALABASIN MASAMA ANG ML PALIBHASA ISA SYANG NPA,,2023-02-21 23:24:50+00:00,https://twitter.com/KBanguel/status/1628173935018901504,"text, urls",0,,0,,,,,
2023-03-02 10:35:31.102287,Rey Christian E. Delos Reyes,Red tagging students from state universities,"""NPA""",@daranganboy,larry s. santos,"30 years working in the intersection between humanitarian, peacebuilding and development investments.",,2010-05-20 04:44:33+00:00,2303,131,Republic of the Philippines,@anakbayan_ph Magparticipate sa space ng enabler ng teroristang CPP NPA NDF,ph Magparticipate sa space ng enabler ng teroristang CPP NPA NDF,,2023-02-21 08:00:56+00:00,https://twitter.com/daranganboy/status/1627941427341836288,"text, user_mentions",0,1627885737499848704,0,,,,,
2023-03-02 10:35:31.102287,Rey Christian E. Delos Reyes,Red tagging students from state universities,"""NPA""",@MB_mrtnsdngdng,Martin Sadongdong,"ğŸ–ï¸Reports on PH defense, security, coast guard, maritime industry for @manilabulletin â€¢ Fellow, @NewspaperWorld YMLF 2022",,2015-10-12 10:29:08+00:00,87,540,Republic of the Philippines,"NPA ambushes search team on downed Cessna plane; 2 soldiers dead
 https://t.co/o4IKoIFdQx",NPA ambushes search team on downed Cessna plane 2 soldiers dead,,2023-02-21 06:29:43+00:00,https://twitter.com/MB_mrtnsdngdng/status/1627918472406790145,"text, urls",0,,0,,,,,
2023-03-02 10:35:31.102287,Rey Christian E. Delos Reyes,Red tagging students from state universities,"""NPA""",@BloodyMary1926,Mary Frances Chiloe Noble,Die in Sunken Cemetery at the age 1026,,2022-04-17 15:36:21+00:00,359,0,Republic of the Philippines,Bad influence . Bad influence gd mga Tawo ja Pinas. Mahilig mag social media. I wonder ğŸ¤” why? I told to Dawn. Natinâ€¦ https://t.co/7H0yn69wzu,Bad influence Bad influence gd mga Tawo ja Pinas Mahilig mag social media I wonder why I told to Dawn Natin,,2023-02-21 03:32:20+00:00,https://twitter.com/BloodyMary1926/status/1627873830785146881,"text, urls",0,,0,,,,,
2023-03-02 10:35:31.103288,Rey Christian E. Delos Reyes,Red tagging students from state universities,"""NPA""",@smartymarth,Martha Louise,Innocence with a tinge of raffishness. putting extra to the ordinary... in my own ways. ğŸ¤–,,2014-07-07 09:16:05+00:00,578,245,Republic of the Philippines,Dili ni rebelde na NPA related ha. ğŸ˜…ğŸ« ,Dili ni rebelde na NPA related ha,,2023-02-20 03:52:42+00:00,https://twitter.com/smartymarth/status/1627516569365680128,text,0,1627516400301637632,0,,,,,
2023-03-02 10:35:31.103288,Rey Christian E. Delos Reyes,Red tagging students from state universities,"""NPA""",@rageagaintsmach,lavine bulls,,,2009-10-16 06:58:32+00:00,24,13,Republic of the Philippines,@YsaacFranklin Calling all npa and terrorist make noise daw https://t.co/oplXqZM4vE,Calling all npa and terrorist make noise daw,,2023-02-19 23:40:09+00:00,https://twitter.com/rageagaintsmach/status/1627453013668560896,"text, user_mentions, media",1,1627411668673392640,0,,,,,
2023-03-02 10:36:07.597116,Rey Christian E. Delos Reyes,Red tagging students from state universities,"""terorista""",@markmasalunga,Mark Masalunga,,,2011-09-24 02:18:06+00:00,458,643,Republic of the Philippines,@enriqueznestor1 @dumidyeypee Isa pa thru national ID madaling ng madistinguised mga NPA at terorista sa mga civilian.,Isa pa thru national ID madaling ng madistinguised mga NPA at terorista sa mga civilian,,2023-03-01 10:57:20+00:00,https://twitter.com/markmasalunga/status/1630884922692091904,"text, user_mentions",0,1630881461988642817,0,,,,,
2023-03-02 10:36:07.597116,Rey Christian E. Delos Reyes,Red tagging students from state universities,"""terorista""",@engrmervz,Caveman,,,2012-11-21 10:08:23+00:00,228,49,Republic of the Philippines,@News5PH terorista,terorista,,2023-02-21 14:08:50+00:00,https://twitter.com/engrmervz/status/1628034012567715840,"text, user_mentions",0,1627915207875104771,0,,,,,
2023-03-02 10:37:02.377982,Rey Christian E. Delos Reyes,Red tagging students from state universities,"""komunista""",@agador7,A Gador,,,2015-10-23 23:23:40+00:00,121,118,Republic of the Philippines,"#AkoSiNinoy movie, anong bago dito??? Paulit-ulit na lang ang kwentong kutsero na kasabwat ng mga komunista...ğŸ˜‘",AkoSiNinoy movie anong bago dito Paulitulit na lang ang kwentong kutsero na kasabwat ng mga komunista,,2023-02-23 09:17:01+00:00,https://twitter.com/agador7/status/1628685351333281792,"text, hashtags",0,,0,,,,,
2023-03-02 10:48:51.193352,Rey Christian E. Delos Reyes,Red tagging students from state universities,"""komunista""",@agador7,A Gador,,,2015-10-23 23:23:40+00:00,121,118,Republic of the Philippines,"#AkoSiNinoy movie, anong bago dito??? Paulit-ulit na lang ang kwentong kutsero na kasabwat ng mga komunista...ğŸ˜‘",AkoSiNinoy movie anong bago dito Paulitulit na lang ang kwentong kutsero na kasabwat ng mga komunista,,2023-02-23 09:17:01+00:00,https://twitter.com/agador7/status/1628685351333281792,"text, hashtags",0,,0,,,,,
2023-03-02 10:49:21.181635,Rey Christian E. Delos Reyes,Red tagging students from state universities,"""komunista""",@agador7,A Gador,,,2015-10-23 23:23:40+00:00,121,118,Republic of the Philippines,"#AkoSiNinoy movie, anong bago dito??? Paulit-ulit na lang ang kwentong kutsero na kasabwat ng mga komunista...ğŸ˜‘",AkoSiNinoy movie anong bago dito Paulitulit na lang ang kwentong kutsero na kasabwat ng mga komunista,,2023-02-23 09:17:01+00:00,https://twitter.com/agador7/status/1628685351333281792,"text, hashtags",0,,0,,,,,
2023-03-02 10:50:42.230964,Rey Christian E. Delos Reyes,Red tagging students from state universities,"""(UP AND NPA)""",@jwlfllr,Jewel Menor-Faller ğŸŒ·ğŸ’“ğŸŒ¸,Living my second life to the fullest ğŸ’•ğŸ˜ğŸ˜˜â¤,,2011-08-08 04:10:40+00:00,235,253,Republic of the Philippines,@smtickets pa reply naman sa email na sinend ko nung January pa. Nakailang follow up na e. March na ho. ğŸ™ƒğŸ™ƒğŸ™ƒ,pa reply naman sa email na sinend ko nung January pa Nakailang follow up na e March na ho,,2023-03-02 02:49:56+00:00,https://twitter.com/jwlfllr/status/1631124650066587650,"text, user_mentions",0,,0,,,,,
2023-03-02 10:50:42.234936,Rey Christian E. Delos Reyes,Red tagging students from state universities,"""(UP AND NPA)""",@sari_gloss,âŸ­âŸ¬ Sari âŸ¬âŸ­â·âˆAFoBangFo|LY|LYSY|PTDLA&LV|YTC Busanâˆ,ê°€ì¥ ê¹Šì€ ë°¤ì— ë” ë¹›ë‚˜ëŠ” ë³„ë¹› âˆâœ¨ğŸ’œğŸ™,,2010-04-10 07:07:14+00:00,869,656,Republic of the Philippines,"@crablovernamu call them fans if you think about it the same way. ARMYs will never not defend Joon nor not hype Joon to anyone.

Don't blame the entire fandom so diverse made up of millions of ppl for a handful you see in your timeline.",call them fans if you think about it the same way ARMYs will never not defend Joon nor not hype Joon to anyoneDont blame the entire fandom so diverse made up of millions of ppl for a handful you see in your timeline,,2023-03-02 02:49:21+00:00,https://twitter.com/sari_gloss/status/1631124504205479936,"text, user_mentions",0,1631086051669450752,0,,,,,
2023-03-02 10:50:42.234936,Rey Christian E. Delos Reyes,Red tagging students from state universities,"""(UP AND NPA)""",@Pearlynstravent,"@Pearlynstravent saw SKZ, TREASURE, ENHYPEN",,,2022-08-29 03:22:07+00:00,573,211,Republic of the Philippines,"@_eyyruuuh One of my fav boyband THE ROSE, reason why i have never give up in lifeğŸ˜­ğŸ¥°sonra yung healing ko sknlağŸ˜ğŸ˜­plus i love LJH",eyyruuuh One of my fav boyband THE ROSE reason why i have never give up in lifesonra yung healing ko sknlaplus i love LJH,,2023-03-02 02:48:26+00:00,https://twitter.com/Pearlynstravent/status/1631124273283862528,"text, user_mentions",0,1631104509413052417,0,,,,,
2023-03-02 10:50:42.234936,Rey Christian E. Delos Reyes,Red tagging students from state universities,"""(UP AND NPA)""",@LakersPH23,LakersPH,Laker 4 LIFE,,2021-05-17 04:25:28+00:00,1159,99,Republic of the Philippines,I see you Dennis.. Keep this up!!,I see you Dennis Keep this up,,2023-03-02 02:45:02+00:00,https://twitter.com/LakersPH23/status/1631123419327770624,text,0,,0,,,,,
2023-03-02 10:50:42.237942,Rey Christian E. Delos Reyes,Red tagging students from state universities,"""(UP AND NPA)""",@vienenemaranan,Vien Maranan,Donbelle is life!ğŸ–¤â¤ï¸,,2018-04-10 00:54:55+00:00,108,30,Republic of the Philippines,"@hoshihorangha11 CARPOOL SERVICE FOR BONRPINK MANILA[BULACAN] CONCERT

FARE: Balikan
600- CAVITE
500- MOA
NO ADDITIONAL FEE

VAN:TOYOTA HIACE COMMUTER 

 PICK UP/DROP OFF POINT:SM DASMA, ROBINSON IMUS, SM BACOOR, SM MOA (Negotiable kung madadaanan naman)ğŸ˜Š

DAY 1- 5 SLOTS AVAILABLE

DAY 2- FULL",CARPOOL SERVICE FOR BONRPINK MANILABULACAN CONCERTFARE Balikan600 CAVITE500 MOANO ADDITIONAL FEEVANTOYOTA HIACE COMMUTER PICK UPDROP OFF POINTSM DASMA ROBINSON IMUS SM BACOOR SM MOA Negotiable kung madadaanan namanDAY 1 5 SLOTS AVAILABLEDAY 2 FULL,,2023-03-02 02:38:56+00:00,https://twitter.com/vienenemaranan/status/1631121882622869504,"text, user_mentions",0,1631104520213381123,0,,,,,
2023-03-02 10:50:42.237942,Rey Christian E. Delos Reyes,Red tagging students from state universities,"""(UP AND NPA)""",@EinramZelo,MarnieğŸ§¡ğŸ’™ZonzonğŸ‡µğŸ‡­,ZeeNunew #Zonzon ğŸ§¡ğŸ’™ I LOVE Nunew Chawarin #Nananu ğŸ± #ForeverWithBAP Kim Soo Hyun's Wife ğŸ¥°,,2012-01-13 05:08:38+00:00,482,209,Republic of the Philippines,Wahh cant keep up with the trending party haha i have work just taking a break to eat bfast lols!  #ZeeNuNewKoreaInterview,Wahh cant keep up with the trending party haha i have work just taking a break to eat bfast lols ZeeNuNewKoreaInterview,,2023-03-02 02:34:31+00:00,https://twitter.com/EinramZelo/status/1631120772306702336,"text, hashtags",0,,0,,,,,
2023-03-02 10:50:42.238938,Rey Christian E. Delos Reyes,Red tagging students from state universities,"""(UP AND NPA)""",@paulobong,Vince,TV Junkie. Pokemon Fan. Aspiring Chef. Corporate Slave. Pisces. 30 and cranky.,,2010-11-21 15:02:27+00:00,1004,1002,Republic of the Philippines,"Di ko kinaya ung sa performance appraisal ng mga di nakapasa sa office

#UPFight - laban lang papasa din ğŸ˜‚
**sponsor din ng UP MBT ang company**",Di ko kinaya ung sa performance appraisal ng mga di nakapasa sa officeUPFight laban lang papasa din sponsor din ng UP MBT ang company,,2023-03-02 02:25:48+00:00,https://twitter.com/paulobong/status/1631118577943347201,"text, hashtags",0,,0,,,,,
2023-03-02 10:50:42.239945,Rey Christian E. Delos Reyes,Red tagging students from state universities,"""(UP AND NPA)""",@rryyyaaaannnn,Ryan,â€œThat men do not learn very much from the lessons of history is the most important of all the lessons that history has to teach.â€ -Aldous Huxley,,2016-10-16 16:50:13+00:00,1049,7461,Republic of the Philippines,"Itâ€™s already March. The same month last year when many of us here on twitter became victims of someone we used to look up to. I will never forget it.

The last time we spoke, you told me youâ€™ll help me get to the bottom of it but no, you went into hiding- UNTIL NOW!

LUMABAS KA!",Its already March The same month last year when many of us here on twitter became victims of someone we used to look up to I will never forget itThe last time we spoke you told me youll help me get to the bottom of it but no you went into hiding UNTIL NOWLUMABAS KA,,2023-03-02 02:09:35+00:00,https://twitter.com/rryyyaaaannnn/status/1631114498168987650,text,2,,0,,,,,
2023-03-02 10:50:42.240947,Rey Christian E. Delos Reyes,Red tagging students from state universities,"""(UP AND NPA)""",@ivanmyk13,Ivan Vicente,"PH, MD, IM, GI, MHA",,2019-05-11 13:54:08+00:00,1220,1723,Republic of the Philippines,Wala ba kayong idodonate na lupa sa UP? How about UP Sabah? ğŸ™Š,Wala ba kayong idodonate na lupa sa UP How about UP Sabah,,2023-03-02 01:55:09+00:00,https://twitter.com/ivanmyk13/status/1631110863850717185,text,2,1631110660947050496,0,,,,,
2023-03-02 10:50:42.240947,Rey Christian E. Delos Reyes,Red tagging students from state universities,"""(UP AND NPA)""",@Khnlndrs,KIYAAANğŸ‘½,I found her diary underneath a tree.ğŸ“–,,2022-10-07 06:02:00+00:00,341,350,Republic of the Philippines,"Breakups are so scary. You spend days, months and years to build everything together &amp; one day you wake up being alone again.",Breakups are so scary You spend days months and years to build everything together amp one day you wake up being alone again,,2023-03-02 01:54:58+00:00,https://twitter.com/Khnlndrs/status/1631110817826635776,text,0,,0,,,,,
2023-03-02 10:50:42.240947,Rey Christian E. Delos Reyes,Red tagging students from state universities,"""(UP AND NPA)""",@lmnopm_meow,pm #ClimateJusticeNow,behind the scene,,2018-02-20 09:50:44+00:00,330,189,Republic of the Philippines,"Sobrang f*cked up ng systemang mayroon tayo, Pilipinas.",Sobrang fcked up ng systemang mayroon tayo Pilipinas,,2023-03-02 01:44:08+00:00,https://twitter.com/lmnopm_meow/status/1631108093156429825,text,0,,0,,,,,
2023-03-02 10:50:42.241940,Rey Christian E. Delos Reyes,Red tagging students from state universities,"""(UP AND NPA)""",@kingdelrosario,King del Rosario,"Continuous improvement expert, start-up co-founder, & urban farmer; into six sigma, lean, AI, data science, & data analytics; RTsâ‰ â™¥. Jokes=jokes. Sarcasm=joke.",,2008-08-07 10:03:14+00:00,372,2820,Republic of the Philippines,"I was pretty clear about this when I signed up for GCash. I donâ€™t actually treat them like a bank, but just as a payment facility. AFAIK if you lose access to SIM, goodbye money since the money is connected to the SIM not you as a person. Donâ€™t know if they already changed this. https://t.co/RicARuNy2n",I was pretty clear about this when I signed up for GCash I dont actually treat them like a bank but just as a payment facility AFAIK if you lose access to SIM goodbye money since the money is connected to the SIM not you as a person Dont know if they already changed this,,2023-03-02 01:30:12+00:00,https://twitter.com/kingdelrosario/status/1631104585610989568,"text, urls",0,,0,,,,,
2023-03-02 10:50:42.241940,Rey Christian E. Delos Reyes,Red tagging students from state universities,"""(UP AND NPA)""",@sugalaxybaby,âœ¨Chiâœ¨ ğŸ¤ª,|A.R.M.Y.ğŸ’œ| STAYâ¤ï¸| AROHAğŸ’œ| MOAğŸ’š| ENGENE ğŸ§¡| GOLDENNESSğŸ’›,,2010-09-25 21:44:54+00:00,528,341,Republic of the Philippines,My circadian rhythm is once again screwed up to the moon and back!! ğŸ˜­ğŸ˜­ğŸ˜­ğŸ˜­,My circadian rhythm is once again screwed up to the moon and back,,2023-03-02 01:28:33+00:00,https://twitter.com/sugalaxybaby/status/1631104169867382784,text,0,,0,,,,,
2023-03-02 10:50:42.242954,Rey Christian E. Delos Reyes,Red tagging students from state universities,"""(UP AND NPA)""",@CHRISpylisyus,Chris âœ¨,Happiness is a facade. A trick of the brain. ğŸ˜¶,,2010-05-21 02:20:24+00:00,1428,5422,Republic of the Philippines,Off to a hospital. Magpapacheck up. Sana nothing that serious. ğŸ« ,Off to a hospital Magpapacheck up Sana nothing that serious,,2023-03-02 01:15:19+00:00,https://twitter.com/CHRISpylisyus/status/1631100838835011584,text,0,,0,,,,,
2023-03-02 10:50:42.242954,Rey Christian E. Delos Reyes,Red tagging students from state universities,"""(UP AND NPA)""",@pagador_gian,Dr. Gian,Account managed by a teen,,2022-06-25 18:10:42+00:00,106,3,Republic of the Philippines,"Have you got color in your cheeks'
Do you ever get the feeling that you can't shift the tide
That sticks around like something's in your teeth
And some aces up your sleeveğŸ¼ğŸ¸ https://t.co/EjxU91KtJQ",Have you got color in your cheeksDo you ever get the feeling that you cant shift the tideThat sticks around like somethings in your teethAnd some aces up your sleeve,,2023-03-02 01:11:46+00:00,https://twitter.com/pagador_gian/status/1631099946824003584,"text, media",0,,0,,,,,
2023-03-02 10:50:42.245939,Rey Christian E. Delos Reyes,Red tagging students from state universities,"""(UP AND NPA)""",@johnerickdgreat,Lord Targaryen ğŸ²,Time Magazine's 2006 Person of the Year,,2010-04-30 02:02:07+00:00,1164,1065,Republic of the Philippines,"8 ulam to know me

Dinakdakan
Inihaw na Baboy
Paksiw na Hito
Papaitan
Adobo (any kind)
Tortang Talong
Tinola
Pancit Batil Patong

Runner up: Dried Fish

Very RGT! HAHAHA. 
At, minsan ulam ko talaga ang pancit!!! https://t.co/5bsHgQ5qjP",8 ulam to know meDinakdakanInihaw na BaboyPaksiw na HitoPapaitanAdobo any kindTortang TalongTinolaPancit Batil PatongRunner up Dried FishVery RGT HAHAHA At minsan ulam ko talaga ang pancit,,2023-03-02 01:05:37+00:00,https://twitter.com/johnerickdgreat/status/1631098398094004231,"text, urls",0,,0,,,,,
2023-03-02 10:50:42.246937,Rey Christian E. Delos Reyes,Red tagging students from state universities,"""(UP AND NPA)""",@khunchamon_,kate kate,ğŸ§šğŸ¦‹ğŸ¤ğŸ¤,,2022-09-10 11:41:35+00:00,27,2,Republic of the Philippines,Yes #idolfactoryTH  @IDOLFACTORYTH  wakeeeee up ğŸ¤¦ğŸ¼â€â™€ï¸ don't put Ur artist in this situation specially the 2 LADIES i repeat 2 LADIES (FreenBeck) we know how much income they contribute in Ur management so take an action ğŸ™„ğŸ¤¦ğŸ¼â€â™€ï¸ haist https://t.co/DivZ8nwXBR,Yes idolfactoryTH wakeeeee up dont put Ur artist in this situation specially the 2 LADIES i repeat 2 LADIES FreenBeck we know how much income they contribute in Ur management so take an action haist,,2023-03-02 00:57:58+00:00,https://twitter.com/khunchamon_/status/1631096474028355584,"text, hashtags, user_mentions, urls",0,,0,,,,,
2023-03-02 10:50:42.246937,Rey Christian E. Delos Reyes,Red tagging students from state universities,"""(UP AND NPA)""",@manelskiiie,hygieiağŸ’‰ğŸ‡µğŸ‡­,"eyes on the stars, feet on the ground ğŸ‘©â€âš•ï¸âœ¨",,2016-09-14 12:01:44+00:00,98,134,Republic of the Philippines,Sign me up charrr Cebu muna tayo this year lods ğŸ«°ğŸ˜‡ https://t.co/09O76QNjwo,Sign me up charrr Cebu muna tayo this year lods,,2023-03-02 00:50:12+00:00,https://twitter.com/manelskiiie/status/1631094519126188032,"text, urls",0,,0,,,,,
2023-03-02 10:50:42.247939,Rey Christian E. Delos Reyes,Red tagging students from state universities,"""(UP AND NPA)""",@JudyConda,Judy Conda ğŸ‡µğŸ‡­ | When Paths Meet â„ï¸,â™ | FIL-AM | #Bollywood #Wrestling & #Music Adict | #Spiritique #Mystique Enthusiast | @SamiYusuf & @thebandGHOST Fan | Wrestling/Music Community | She/Her ğŸ’›,,2016-04-18 13:04:59+00:00,5000,1823,Republic of the Philippines,"Iâ€™ve Just wake up now to open my twitter today but what I am doing checking on twitter notifications this morning, that matt (@Matthew669691) forgot me again to mention me today in #wrestlingWednesday shoutouts without a special mention post/tweet so disappointed !! ğŸ˜­ğŸ˜­ğŸ˜­",Ive Just wake up now to open my twitter today but what I am doing checking on twitter notifications this morning that matt forgot me again to mention me today in wrestlingWednesday shoutouts without a special mention posttweet so disappointed,,2023-03-02 00:47:22+00:00,https://twitter.com/JudyConda/status/1631093809013735424,"text, hashtags, user_mentions",1,,0,,,,,
2023-03-02 10:50:42.248945,Rey Christian E. Delos Reyes,Red tagging students from state universities,"""(UP AND NPA)""",@justjaysweetie,JILğŸ’¤,20â˜˜ï¸~ boring and stupidly energetic (sometimes)~ feminineğŸ’¤- hoe for a selected few onlyğŸ˜‹,,2022-09-25 11:14:11+00:00,48,108,Republic of the Philippines,Woke up craving for morning sex omg HAHAHAHAAHHAAHAHAHAAHHAHA,Woke up craving for morning sex omg HAHAHAHAAHHAAHAHAHAAHHAHA,,2023-03-02 00:44:16+00:00,https://twitter.com/justjaysweetie/status/1631093026125938688,text,4,,0,,,,,
2023-03-02 10:50:42.248945,Rey Christian E. Delos Reyes,Red tagging students from state universities,"""(UP AND NPA)""",@JudyConda,Judy Conda ğŸ‡µğŸ‡­ | When Paths Meet â„ï¸,â™ | FIL-AM | #Bollywood #Wrestling & #Music Adict | #Spiritique #Mystique Enthusiast | @SamiYusuf & @thebandGHOST Fan | Wrestling/Music Community | She/Her ğŸ’›,,2016-04-18 13:04:59+00:00,5000,1823,Republic of the Philippines,"Hey Iâ€™ve Just wake up now to open my twitter app today but what I am doing checking on twitter notifications this morning, that matt (@Matthew669691) forgot once again to mention me today in #wrestlingWednesday shoutouts without a special mention post/tweet!! ğŸ˜­ğŸ˜­ğŸ˜­",Hey Ive Just wake up now to open my twitter app today but what I am doing checking on twitter notifications this morning that matt forgot once again to mention me today in wrestlingWednesday shoutouts without a special mention posttweet,,2023-03-02 00:40:04+00:00,https://twitter.com/JudyConda/status/1631091969362649088,"text, hashtags, user_mentions",2,,0,,,,,
2023-03-02 10:50:42.249944,Rey Christian E. Delos Reyes,Red tagging students from state universities,"""(UP AND NPA)""",@PataweAdrian,adiğŸ¾,ML ID: 272351584,,2014-10-18 04:45:32+00:00,390,1008,Republic of the Philippines,i woke up in tearsğŸ˜­,i woke up in tears,,2023-03-02 00:16:50+00:00,https://twitter.com/PataweAdrian/status/1631086123052310528,text,1,,0,,,,,
2023-03-02 10:50:42.250937,Rey Christian E. Delos Reyes,Red tagging students from state universities,"""(UP AND NPA)""",@nikainciong,Einika Inciong,"do small things with great love âœ¨ | Psalm 37:4 
https://t.co/uePJ0mkQmo",,2011-04-18 10:42:18+00:00,356,412,Republic of the Philippines,"Kai, 5-10 minutes hair and make up kaya yarn? Hahahaha 

Hello, March it is! Grind âœ¨ï¸",Kai 510 minutes hair and make up kaya yarn Hahahaha Hello March it is Grind,,2023-03-02 00:06:21+00:00,https://twitter.com/nikainciong/status/1631083484239532032,text,0,,0,,,,,
2023-03-02 10:50:42.252943,Rey Christian E. Delos Reyes,Red tagging students from state universities,"""(UP AND NPA)""",@jrdn_xx97,Din,maestroamoo,,2022-07-03 08:14:49+00:00,193,17,Republic of the Philippines,"WTS:  4 tickets Simple Plan : The Harder than it looks Tour.

Regular (Standing)
Original Price : 3,795 w/ online fee
Selling  : 3,200 

Meet up mismong venue.
Rfs:  Yung friends ko di pinayagan + downgrade ako sa lower seats need funds kasi mag fan meet ang itzy
#simpleplaninmnl",WTS 4 tickets Simple Plan The Harder than it looks TourRegular StandingOriginal Price 3795 w online feeSelling 3200 Meet up mismong venueRfs Yung friends ko di pinayagan downgrade ako sa lower seats need funds kasi mag fan meet ang itzysimpleplaninmnl,,2023-03-01 23:52:43+00:00,https://twitter.com/jrdn_xx97/status/1631080054775246848,"text, hashtags",0,,0,,,,,
2023-03-02 10:50:42.253941,Rey Christian E. Delos Reyes,Red tagging students from state universities,"""(UP AND NPA)""",@themishykosmos,Mishy â·,bangtanâ€™s girl | seokjinâ€™s abyss | starlight that shines brighter in the darkest night âœ¨,,2021-05-12 13:06:19+00:00,197,42,Republic of the Philippines,woke up to armys i follow on twt getting tickets to see yoongi and i am genuinely so happy for everyone! will try to get tix for SK in June ğŸ™ğŸ½ğŸ’œ,woke up to armys i follow on twt getting tickets to see yoongi and i am genuinely so happy for everyone will try to get tix for SK in June,,2023-03-01 23:42:42+00:00,https://twitter.com/themishykosmos/status/1631077531033169920,text,1,,0,,,,,
2023-03-02 10:50:42.253941,Rey Christian E. Delos Reyes,Red tagging students from state universities,"""(UP AND NPA)""",@Count_Robyn,Count Robyn,Autodidact. Fear nothing but God.,,2011-07-06 04:31:58+00:00,62,528,Republic of the Philippines,@onlyvanya Gotta get myself that pull up jacket from ralph lauren soon,Gotta get myself that pull up jacket from ralph lauren soon,,2023-03-01 23:39:18+00:00,https://twitter.com/Count_Robyn/status/1631076677207080960,"text, user_mentions",0,1631054326033465346,0,,,,,
2023-03-02 10:50:42.253941,Rey Christian E. Delos Reyes,Red tagging students from state universities,"""(UP AND NPA)""",@adeptofly,ğŸğ¢ğ¨ | ğŸ”°,nu ilalagay dito??Â¿,,2017-07-30 03:59:42+00:00,221,22,Republic of the Philippines,"Please, wake up love. Miss na miss na kita. Mahal na mahal kita. Please let it be our win, Lord",Please wake up love Miss na miss na kita Mahal na mahal kita Please let it be our win Lord,,2023-03-01 23:38:14+00:00,https://twitter.com/adeptofly/status/1631076408117149700,text,0,1631076405705428993,0,,,,,
2023-03-02 10:50:42.254938,Rey Christian E. Delos Reyes,Red tagging students from state universities,"""(UP AND NPA)""",@adeptofly,ğŸğ¢ğ¨ | ğŸ”°,nu ilalagay dito??Â¿,,2017-07-30 03:59:42+00:00,221,22,Republic of the Philippines,"Lord, please, just this once, let it be our win. Lord, please wake him up and heal him. Whatever this is, a challenge, obstacle or a test, wag mo siyang pababayaa, Lord. Mahal na mahal ko yang tao na yan, and I am willing to do everything and sacrifice whatever to be with him.",Lord please just this once let it be our win Lord please wake him up and heal him Whatever this is a challenge obstacle or a test wag mo siyang pababayaa Lord Mahal na mahal ko yang tao na yan and I am willing to do everything and sacrifice whatever to be with him,,2023-03-01 23:38:13+00:00,https://twitter.com/adeptofly/status/1631076405705428993,text,0,1631076402081730561,0,,,,,
2023-03-02 10:50:42.254938,Rey Christian E. Delos Reyes,Red tagging students from state universities,"""(UP AND NPA)""",@adeptofly,ğŸğ¢ğ¨ | ğŸ”°,nu ilalagay dito??Â¿,,2017-07-30 03:59:42+00:00,221,22,Republic of the Philippines,"and cried myself to sleep. Sobrang sakit, sobrang hirap iprocess lahat and it's only just March. Sobrang fucked up and unfair ng mundo. Gustong gusto kitang makita at alagaan ngayon, pero nang dahil sa distance, hindi ko magawa. I feel so useless, pero I have to be strong+",and cried myself to sleep Sobrang sakit sobrang hirap iprocess lahat and its only just March Sobrang fucked up and unfair ng mundo Gustong gusto kitang makita at alagaan ngayon pero nang dahil sa distance hindi ko magawa I feel so useless pero I have to be strong,,2023-03-01 23:38:11+00:00,https://twitter.com/adeptofly/status/1631076395060453376,text,0,1631076388735451136,0,,,,,
2023-03-02 10:50:42.255937,Rey Christian E. Delos Reyes,Red tagging students from state universities,"""(UP AND NPA)""",@Count_Robyn,Count Robyn,Autodidact. Fear nothing but God.,,2011-07-06 04:31:58+00:00,62,528,Republic of the Philippines,"@chrismwojcik @CombatTherapist Other factors like work schedules affect their energy and motivation with lifting weights because most people are impatient to start at 2x a week and then slowly adjust up to 3-5x per week they prefer to do everything at once. 

Everyone has experience this at some point.",Other factors like work schedules affect their energy and motivation with lifting weights because most people are impatient to start at 2x a week and then slowly adjust up to 35x per week they prefer to do everything at once Everyone has experience this at some point,,2023-03-01 23:31:47+00:00,https://twitter.com/Count_Robyn/status/1631074785395609602,"text, user_mentions",2,1631074014243311618,0,,,,,
2023-03-02 10:50:42.256942,Rey Christian E. Delos Reyes,Red tagging students from state universities,"""(UP AND NPA)""",@rai_arthur97,ALT RAI (i'll try) ğŸŒ•,"ğŸ‘/ artist/ frustrated model/ single/ pisces ğŸŒ, â™‹ ğŸŒ, â™ â«, â™“ â™‰/nonbinary they/he/she. coffee, tea, or me? chitchats, ML, Genshin. fashion and style, isko/a",,2014-10-19 07:24:37+00:00,3761,2227,Republic of the Philippines,Funny how they think it was playing mobile games that ruined my future. Bitch you fucked up and that's how i got fucked up. HAHAHAHAHAHAHAHAHAHA blame yourself siguro noh. Unsupportive man gani mo sa mga things na i excel at and sariling kayod ra jud ko pirme. Looooollll,Funny how they think it was playing mobile games that ruined my future Bitch you fucked up and thats how i got fucked up HAHAHAHAHAHAHAHAHAHA blame yourself siguro noh Unsupportive man gani mo sa mga things na i excel at and sariling kayod ra jud ko pirme Looooollll,,2023-03-01 23:27:54+00:00,https://twitter.com/rai_arthur97/status/1631073808982343680,text,2,,0,,,,,
2023-03-02 10:50:42.256942,Rey Christian E. Delos Reyes,Red tagging students from state universities,"""(UP AND NPA)""",@vonn1210,alterfundğŸ’®,Somewhere only we knowğŸ¶ | sleepyhead | corporate slave | buttercup | Frustrated singer,,2022-02-12 13:54:27+00:00,161,259,Republic of the Philippines,Catching up some emails------- https://t.co/ofwgPj0ryM,Catching up some emails,,2023-03-01 23:22:12+00:00,https://twitter.com/vonn1210/status/1631072373754544131,"text, media",1,,0,,,,,
2023-03-02 10:50:42.257938,Rey Christian E. Delos Reyes,Red tagging students from state universities,"""(UP AND NPA)""",@IncitingII,Incites and Insights,Current Government Utility Worker | Former College Instructor | Political insights and incites,,2021-09-23 12:22:49+00:00,333,908,Republic of the Philippines,Wala pa gyud ko kabawi sa stress from UPâ€™s travel. But I need to double time ğŸ˜,Wala pa gyud ko kabawi sa stress from UPs travel But I need to double time,,2023-03-01 23:20:39+00:00,https://twitter.com/IncitingII/status/1631071983059206147,text,0,,0,,,,,
2023-03-02 10:50:42.257938,Rey Christian E. Delos Reyes,Red tagging students from state universities,"""(UP AND NPA)""",@chrstlmae,âœ¨,Charles McClaneğŸ‘¦ğŸ» Clinton LeitchğŸ‘¶ğŸ»,,2014-09-28 04:05:27+00:00,280,244,Republic of the Philippines,"For da check up na, malamang di na ko pauwiin ni doc neto hahahahaha",For da check up na malamang di na ko pauwiin ni doc neto hahahahaha,,2023-03-01 23:19:03+00:00,https://twitter.com/chrstlmae/status/1631071581458907136,text,0,,0,,,,,
2023-03-02 10:50:42.258940,Rey Christian E. Delos Reyes,Red tagging students from state universities,"""(UP AND NPA)""",@Ymi022681,Ymi26,,,2023-02-17 00:46:01+00:00,232,4,Republic of the Philippines,@MrMarcoThunder @SlabsNRaw Done with task...keep it up... https://t.co/6BTx5OZzlm,Done with taskkeep it up,,2023-03-01 23:18:33+00:00,https://twitter.com/Ymi022681/status/1631071453536833536,"text, user_mentions, media",0,1630734601420173312,0,,,,,
2023-03-02 10:50:42.258940,Rey Christian E. Delos Reyes,Red tagging students from state universities,"""(UP AND NPA)""",@adeptofly,ğŸğ¢ğ¨ | ğŸ”°,nu ilalagay dito??Â¿,,2017-07-30 03:59:42+00:00,221,22,Republic of the Philippines,"please, wake up love i miss you so much",please wake up love i miss you so much,,2023-03-01 23:17:52+00:00,https://twitter.com/adeptofly/status/1631071283999014913,text,0,,0,,,,,
2023-03-02 10:50:42.259937,Rey Christian E. Delos Reyes,Red tagging students from state universities,"""(UP AND NPA)""",@errich_wilson,nots,constantly improving oneself everyday,,2017-09-07 11:38:33+00:00,426,270,Republic of the Philippines,just woke up from a hiccup tf,just woke up from a hiccup tf,,2023-03-01 23:14:05+00:00,https://twitter.com/errich_wilson/status/1631070332772548610,text,0,,0,,,,,
2023-03-02 10:50:42.259937,Rey Christian E. Delos Reyes,Red tagging students from state universities,"""(UP AND NPA)""",@CasualFanLang,Rochieyah ğŸ¢ğŸ‡ğŸ†ğŸğŸ’ƒğŸ±,"Jisoo - That girl; 
Maine - I am that girl",,2017-09-21 14:17:59+00:00,256,330,Republic of the Philippines,"To be honest I dont care if that RS article is true or not and I dont care abt ""her"" acting career in US(really). But I remember this particular comment by her stans and its cracking me up ğŸ¤£ https://t.co/dWDQcGyuPN",To be honest I dont care if that RS article is true or not and I dont care abt her acting career in USreally But I remember this particular comment by her stans and its cracking me up,,2023-03-01 23:12:34+00:00,https://twitter.com/CasualFanLang/status/1631069951531393024,"text, urls",1,,0,,,,,
2023-03-02 10:50:42.259937,Rey Christian E. Delos Reyes,Red tagging students from state universities,"""(UP AND NPA)""",@sgcdrrrr,â€¢,inggafwnty,,2013-01-18 12:53:51+00:00,756,656,Republic of the Philippines,"got a lot of things to do today, bless up.",got a lot of things to do today bless up,,2023-03-01 23:11:17+00:00,https://twitter.com/sgcdrrrr/status/1631069625558638592,text,0,,0,,,,,
2023-03-02 10:50:42.260942,Rey Christian E. Delos Reyes,Red tagging students from state universities,"""(UP AND NPA)""",@Marcki3sy,Marcki3ss,#IrreplaceableğŸ“¸ğŸ’™,,2018-06-04 02:19:48+00:00,1477,183,Republic of the Philippines,@yuppiebumble Keep it up! @yuppiebumble ğŸ†™ğŸ†™ keep it awesome! Your doing good.,Keep it up keep it awesome Your doing good,,2023-03-01 23:05:16+00:00,https://twitter.com/Marcki3sy/status/1631068113914724352,"text, user_mentions",0,1630784504012087297,0,,,,,
2023-03-02 10:50:42.260942,Rey Christian E. Delos Reyes,Red tagging students from state universities,"""(UP AND NPA)""",@missgirlsoleil,mirağŸŒ»,ğŸ©º â€¢ healing isnâ€™t linear,,2019-07-12 11:49:17+00:00,172,196,Republic of the Philippines,waking up with a heavy chest is the worst thing ever,waking up with a heavy chest is the worst thing ever,,2023-03-01 22:58:18+00:00,https://twitter.com/missgirlsoleil/status/1631066360812916739,text,0,,0,,,,,
2023-03-02 10:50:42.261945,Rey Christian E. Delos Reyes,Red tagging students from state universities,"""(UP AND NPA)""",@apamgl,Pransis ğŸ³ï¸â€ğŸŒˆ,â™Œï¸ | WR/Valo: Sekuso#APA | Letâ€™s be friends? ğŸ¥º,,2021-12-29 04:49:26+00:00,471,512,Republic of the Philippines,I messed up today aaaa ğŸ¥º,I messed up today aaaa,,2023-03-01 22:50:30+00:00,https://twitter.com/apamgl/status/1631064397132046336,text,1,,0,,,,,
2023-03-02 10:50:42.261945,Rey Christian E. Delos Reyes,Red tagging students from state universities,"""(UP AND NPA)""",@joellynnn,joey,dlsu 120 | AAAAAAAAAAAAAAAAAAAAAARRRRRRRRRRRRRRRRRRRRGGGGGGGGGGGGGGHHHHHHHHHHHHHHHHHHHH | IG: joellynnn_a,,2018-01-02 20:34:02+00:00,329,437,Republic of the Philippines,ang messed up sa bahay talaga ğŸ¥´,ang messed up sa bahay talaga,,2023-03-01 22:37:55+00:00,https://twitter.com/joellynnn/status/1631061231451914240,text,0,,0,,,,,
2023-03-02 10:50:42.262943,Rey Christian E. Delos Reyes,Red tagging students from state universities,"""(UP AND NPA)""",@itsnotglayy,klang,ğŸ’€,,2020-02-17 14:20:04+00:00,1324,1495,Republic of the Philippines,"The moment that u are tired of explaining urself and/or begging for attention, assurance, etc.  that would probably heal u but ended up on adding a pain emotionally and mentally so u just chose to hurt urself physically than letting u feel the pain inside of u. I felt this.",The moment that u are tired of explaining urself andor begging for attention assurance etc that would probably heal u but ended up on adding a pain emotionally and mentally so u just chose to hurt urself physically than letting u feel the pain inside of u I felt this,,2023-03-01 22:35:16+00:00,https://twitter.com/itsnotglayy/status/1631060564821651457,text,2,,1,,,,,
2023-03-02 10:50:42.262943,Rey Christian E. Delos Reyes,Red tagging students from state universities,"""(UP AND NPA)""",@Ailurooophile,fran,ğŸ±AilurophileğŸ±,,2009-09-18 08:13:12+00:00,193,121,Republic of the Philippines,Sana maging permanent na ganitong set up namin sa office ğŸ™,Sana maging permanent na ganitong set up namin sa office,,2023-03-01 22:26:02+00:00,https://twitter.com/Ailurooophile/status/1631058240737005568,text,0,,0,,,,,
2023-03-02 10:50:42.263939,Rey Christian E. Delos Reyes,Red tagging students from state universities,"""(UP AND NPA)""",@loretowynn,ğğ¬ğ¬ğ¢,triste y solo,,2017-01-10 14:21:44+00:00,475,812,Republic of the Philippines,"never open up kings, it will be used against you.",never open up kings it will be used against you,,2023-03-01 22:20:33+00:00,https://twitter.com/loretowynn/status/1631056857333653514,text,3,,1,,,,,
2023-03-02 10:50:42.263939,Rey Christian E. Delos Reyes,Red tagging students from state universities,"""(UP AND NPA)""",@Ymi022681,Ymi26,,,2023-02-17 00:46:01+00:00,232,4,Republic of the Philippines,@taeboukie @bigbbulls @TrueGemHunter @AstroonNft Done with task...keep it up and have a blessed day to all https://t.co/l9smwe6WIG,Done with taskkeep it up and have a blessed day to all,,2023-03-01 22:20:07+00:00,https://twitter.com/Ymi022681/status/1631056749519093766,"text, user_mentions, media",0,1630947311915511814,0,,,,,
2023-03-02 10:50:42.264943,Rey Christian E. Delos Reyes,Red tagging students from state universities,"""(UP AND NPA)""",@_imcrisvelasco,caris,,,2018-02-25 07:44:46+00:00,155,213,Republic of the Philippines,"up haha u know this is all for my family,for you and for our future. nagkakaron ng resulta yung mga araw na halos isang meal nalang ako per day kase sobrang walang wala na talaga, tas to the point na ang hirap sagutin ng tanong na ""kamusta kana"" mapapa lie nalang ako kase ayokong",up haha u know this is all for my familyfor you and for our future nagkakaron ng resulta yung mga araw na halos isang meal nalang ako per day kase sobrang walang wala na talaga tas to the point na ang hirap sagutin ng tanong na kamusta kana mapapa lie nalang ako kase ayokong,,2023-03-01 21:50:55+00:00,https://twitter.com/_imcrisvelasco/status/1631049403648598018,text,0,1631047589549297664,0,,,,,
2023-03-02 10:50:42.264943,Rey Christian E. Delos Reyes,Red tagging students from state universities,"""(UP AND NPA)""",@chrshcmps,ãƒˆãƒªã‚·ãƒ£,23. her/she. queer. aroace. anime weeb. cartoon lover. book nerd. multifandom.    å¤ªå®°ã®å¦»,,2021-12-11 08:37:27+00:00,226,54,Republic of the Philippines,you know what sucks about watching this? watching this scene before going to sleep just to wake up from a nightmare of her screaming.... https://t.co/wPoD8EZ3gJ,you know what sucks about watching this watching this scene before going to sleep just to wake up from a nightmare of her screaming,,2023-03-01 21:37:28+00:00,https://twitter.com/chrshcmps/status/1631046018220568581,"text, media",1,,0,,,,,
2023-03-02 10:50:42.266939,Rey Christian E. Delos Reyes,Red tagging students from state universities,"""(UP AND NPA)""",@bethdanay,Beth,Travel | Food | Happy life,,2022-10-23 16:08:55+00:00,22,7,Republic of the Philippines,"behind my back won't stop my anxiety. I think it's time me for to give up because I am not comfortable when u are at my side, my back or in front of me. So It's time for me to focus on my own and my happiness â˜ºï¸",behind my back wont stop my anxiety I think its time me for to give up because I am not comfortable when u are at my side my back or in front of me So Its time for me to focus on my own and my happiness,,2023-03-01 21:33:36+00:00,https://twitter.com/bethdanay/status/1631045045380952064,text,0,,0,,,,,
2023-03-02 10:50:42.266939,Rey Christian E. Delos Reyes,Red tagging students from state universities,"""(UP AND NPA)""",@bethdanay,Beth,Travel | Food | Happy life,,2022-10-23 16:08:55+00:00,22,7,Republic of the Philippines,"My anxiety won't stop, I think I should have give up already who played like a dogs. ğŸ¤¨",My anxiety wont stop I think I should have give up already who played like a dogs,,2023-03-01 21:24:09+00:00,https://twitter.com/bethdanay/status/1631042665218457601,text,0,,0,,,,,
2023-03-02 10:50:42.267936,Rey Christian E. Delos Reyes,Red tagging students from state universities,"""(UP AND NPA)""",@RbiSteakhouse,RBI Steakhouse,"Angeles City's Number 1 Steakhouse Restaurant. Located in Queens Hotel at 1136 Tinio Street, Corner Tinio Street & Constine Street, Angeles City, Pampanga",,2022-04-11 23:09:39+00:00,7,21,Republic of the Philippines,Woke up with a big appetite then RBI Steakhouse has what you are looking for. Our Big Country Breakfast will fill you right up. #bigcountrybreakfast #angelescity #rbi #Pampanga #rbisteakhouse https://t.co/F5DAUNOZct,Woke up with a big appetite then RBI Steakhouse has what you are looking for Our Big Country Breakfast will fill you right up bigcountrybreakfast angelescity rbi Pampanga rbisteakhouse,,2023-03-01 21:13:24+00:00,https://twitter.com/RbiSteakhouse/status/1631039958864523266,"text, hashtags, media",0,,0,,,,,
2023-03-02 10:50:42.267936,Rey Christian E. Delos Reyes,Red tagging students from state universities,"""(UP AND NPA)""",@kikonut_oil,K U Y S K I K O,32,,2011-06-04 11:49:18+00:00,134,589,Republic of the Philippines,It all adds up. ğŸ˜©,It all adds up,,2023-03-01 20:52:08+00:00,https://twitter.com/kikonut_oil/status/1631034608753209344,text,0,,0,,,,,
2023-03-02 10:50:42.267936,Rey Christian E. Delos Reyes,Red tagging students from state universities,"""(UP AND NPA)""",@markroyboado,Mark Boado,"Knight Grand Officer of Rizal ||
Eagle Scout || Book Lover ||
Proud Pinoy ğŸ‡µğŸ‡­

#MarkMyWords #JustLikeRizal #JoseRizal",,2016-05-15 04:53:22+00:00,459,662,Republic of the Philippines,Good morning! Woke up late for my 6 am flight. ğŸ˜‚,Good morning Woke up late for my 6 am flight,,2023-03-01 20:44:22+00:00,https://twitter.com/markroyboado/status/1631032654568263682,text,1,,0,,,,,
2023-03-02 10:50:42.267936,Rey Christian E. Delos Reyes,Red tagging students from state universities,"""(UP AND NPA)""",@anreenagrande,Anreena ğŸŒ»,Sana mapanindigan ğŸ˜‹,,2009-07-14 13:16:12+00:00,304,169,Republic of the Philippines,@PLDT_Cares up,Cares up,,2023-03-01 20:18:49+00:00,https://twitter.com/anreenagrande/status/1631026225245302786,"text, user_mentions",0,1628932230348242954,0,,,,,
2023-03-02 10:50:42.268944,Rey Christian E. Delos Reyes,Red tagging students from state universities,"""(UP AND NPA)""",@meisthor,Thor,"magic, madness, heaven, sin",,2012-03-06 13:40:01+00:00,564,183,Republic of the Philippines,If only youâ€™d be just dead to me but you keep on fucking me up in the head,If only youd be just dead to me but you keep on fucking me up in the head,,2023-03-01 20:01:21+00:00,https://twitter.com/meisthor/status/1631021829904306177,text,0,,0,,,,,
2023-03-02 10:50:42.269941,Rey Christian E. Delos Reyes,Red tagging students from state universities,"""(UP AND NPA)""",@hella_fudge,hell,she will make herself better.,,2022-11-23 09:39:19+00:00,65,28,Republic of the Philippines,"honestly can't find anything more peaceful than sleeping during the day to avoid everyone, and staying up through the night be it's the only time when everything is quiet.",honestly cant find anything more peaceful than sleeping during the day to avoid everyone and staying up through the night be its the only time when everything is quiet,,2023-03-01 19:56:03+00:00,https://twitter.com/hella_fudge/status/1631020493297061894,text,0,,0,,,,,
2023-03-02 10:50:42.270937,Rey Christian E. Delos Reyes,Red tagging students from state universities,"""(UP AND NPA)""",@dabernsphl,Daryl Bernasor,Asian-Mixed bloodline/Member of the BBC ExpoCrops OPC,,2023-02-26 13:51:51+00:00,32,2,Republic of the Philippines,"There ain't no breaking when I throw it in drive
Don't always keep it in between the lines
If you're ready for a ride pedal down state of mind
Boy I tell you what
You better buckle up ğŸ˜… https://t.co/kJD41zi9f1",There aint no breaking when I throw it in driveDont always keep it in between the linesIf youre ready for a ride pedal down state of mindBoy I tell you whatYou better buckle up,,2023-03-01 19:53:56+00:00,https://twitter.com/dabernsphl/status/1631019962113626112,"text, media",0,,0,,,,,
2023-03-02 10:50:42.271945,Rey Christian E. Delos Reyes,Red tagging students from state universities,"""(UP AND NPA)""",@a_kasintahan,Brian â¤ï¸ğŸ¦–ğŸ«°,"Multimedia Helper. kASIntahan ni Asi Gatdula. Alpha Baby. Magiliw.ğŸ”¥â¤ï¸ğŸ¦–

A composer-arranger and former creative writer for various networks.",,2022-12-28 11:42:53+00:00,211,237,Republic of the Philippines,"Di ko naimagine paano ako napunta dito pero naging blessed ako sa pagmamahal nyo. Up to the point na gusto ko na magresign pero anong sabi nyo? Wag kuya bri. Sama sama tayo dito. 

Ahhh basta. To boss @asi_gatdula1120 sabi ko nga sayo. Hanggat kelangan mo, hanggat kaya ko pa.",Di ko naimagine paano ako napunta dito pero naging blessed ako sa pagmamahal nyo Up to the point na gusto ko na magresign pero anong sabi nyo Wag kuya bri Sama sama tayo dito Ahhh basta To boss gatdula1120 sabi ko nga sayo Hanggat kelangan mo hanggat kaya ko pa,,2023-03-01 19:47:51+00:00,https://twitter.com/a_kasintahan/status/1631018431402381313,"text, user_mentions",1,1631018429481369601,0,,,,,
2023-03-02 10:50:42.272939,Rey Christian E. Delos Reyes,Red tagging students from state universities,"""(UP AND NPA)""",@LevyManlapaz,LEVY,ğŸ‡µğŸ‡­,,2009-07-13 11:38:46+00:00,414,469,Republic of the Philippines,"Just Stand Up, Youâ€™ve Made Me Stronger, Huwag na Huwag Mong Sasabihin. My JAM ! Hahaha @xtinasuperstar â¤ï¸â¤ï¸â¤ï¸",Just Stand Up Youve Made Me Stronger Huwag na Huwag Mong Sasabihin My JAM Hahaha,,2023-03-01 18:42:54+00:00,https://twitter.com/LevyManlapaz/status/1631002083884400644,"text, user_mentions",1,,0,,,,,
2023-03-02 10:50:42.272939,Rey Christian E. Delos Reyes,Red tagging students from state universities,"""(UP AND NPA)""",@renzmercygun,Renz Marasigan,Worship Leader | @Aykamaziiing's,,2012-10-03 06:22:31+00:00,84,116,Republic of the Philippines,A cup of hot choco to wake myself up.,A cup of hot choco to wake myself up,,2023-03-01 18:41:13+00:00,https://twitter.com/renzmercygun/status/1631001660423274496,text,0,,0,,,,,
2023-03-02 10:50:42.273941,Rey Christian E. Delos Reyes,Red tagging students from state universities,"""(UP AND NPA)""",@sari_gloss,âŸ­âŸ¬ Sari âŸ¬âŸ­â·âˆAFoBangFo|LY|LYSY|PTDLA&LV|YTC Busanâˆ,ê°€ì¥ ê¹Šì€ ë°¤ì— ë” ë¹›ë‚˜ëŠ” ë³„ë¹› âˆâœ¨ğŸ’œğŸ™,,2010-04-10 07:07:14+00:00,869,656,Republic of the Philippines,@juliennetallo ahahahhahaha i gave up long ago on fil dubbed animes. rayearth sucks in fil dub. ğŸ˜‚,ahahahhahaha i gave up long ago on fil dubbed animes rayearth sucks in fil dub,,2023-03-01 18:32:34+00:00,https://twitter.com/sari_gloss/status/1630999484632272897,"text, user_mentions",0,1630930967992086530,0,,,,,
2023-03-02 10:50:42.274939,Rey Christian E. Delos Reyes,Red tagging students from state universities,"""(UP AND NPA)""",@VonBuguina,Sean Brian Roth/Evanne Noways,"The Dream: The King of Long Sad Songs
Overthinker & Goofy ğŸ³ï¸â€ğŸŒˆ
A chaotic denominator âœ¨âœŠ
Need a Vans to my Converse...",,2019-03-01 15:59:48+00:00,135,77,Republic of the Philippines,AHHHHHH messed up my schedule now I have to memorize 30 pages ğŸ˜­,AHHHHHH messed up my schedule now I have to memorize 30 pages,,2023-03-01 18:20:19+00:00,https://twitter.com/VonBuguina/status/1630996401302937600,text,0,,0,,,,,
2023-03-02 10:50:42.275937,Rey Christian E. Delos Reyes,Red tagging students from state universities,"""(UP AND NPA)""",@DiaryngNanay,Diary Ng Nanay,"Diary Ng Nanay 
#Momfluencer #MomContentCreator

fbpage: https://t.co/5EOUoIBQMW",,2022-01-05 11:08:55+00:00,789,787,Republic of the Philippines,Papa G! Ibigay mo na Po sa kin tong mga naka line up ğŸ™ğŸ§¿â¤ï¸,Papa G Ibigay mo na Po sa kin tong mga naka line up,,2023-03-01 18:14:36+00:00,https://twitter.com/DiaryngNanay/status/1630994964078555136,text,0,,0,,,,,
2023-03-02 10:50:42.275937,Rey Christian E. Delos Reyes,Red tagging students from state universities,"""(UP AND NPA)""",@JstDLcv04,JD ğŸ¤,Ackey and Levi ğŸ¾,,2018-08-24 18:36:41+00:00,2,1,Republic of the Philippines,While I'm sitting he just woke up and grab me then he kissed me. Asieee. Harot,While Im sitting he just woke up and grab me then he kissed me Asieee Harot,,2023-03-01 17:54:53+00:00,https://twitter.com/JstDLcv04/status/1630990000283353088,text,0,,0,,,,,
2023-03-02 10:50:42.275937,Rey Christian E. Delos Reyes,Red tagging students from state universities,"""(UP AND NPA)""",@_johnthoughts,johnthoughts,"BS in Hospitality Management

                                   Dulce periculum

 Virgo | Cebuano | ğŸ³ï¸â€ğŸŒˆ",,2019-10-27 01:33:24+00:00,763,252,Republic of the Philippines,me waking up at 1 am making a lemonade...,me waking up at 1 am making a lemonade,,2023-03-01 17:50:24+00:00,https://twitter.com/_johnthoughts/status/1630988873227735041,text,0,,0,,,,,
2023-03-02 10:50:42.276938,Rey Christian E. Delos Reyes,Red tagging students from state universities,"""(UP AND NPA)""",@landmarker05,cigs&coffee,INTP | Gemini | 5w4 | Lazy | Procrastinator,,2017-12-07 11:10:09+00:00,119,26,Republic of the Philippines,Alone. Still picking up crumbs where we left them together.,Alone Still picking up crumbs where we left them together,,2023-03-01 16:39:36+00:00,https://twitter.com/landmarker05/status/1630971056516374528,text,0,,0,,,,,
2023-03-02 10:50:42.276938,Rey Christian E. Delos Reyes,Red tagging students from state universities,"""(UP AND NPA)""",@chrshcmps,ãƒˆãƒªã‚·ãƒ£,23. her/she. queer. aroace. anime weeb. cartoon lover. book nerd. multifandom.    å¤ªå®°ã®å¦»,,2021-12-11 08:37:27+00:00,226,54,Republic of the Philippines,"im curious, if Fukuzawa didn't intervene and willingly gave Yosano to Mori, would Yosano turned up like Dazai? https://t.co/5F1RAUJXR1",im curious if Fukuzawa didnt intervene and willingly gave Yosano to Mori would Yosano turned up like Dazai,,2023-03-01 16:29:27+00:00,https://twitter.com/chrshcmps/status/1630968502537551872,"text, media",2,,0,,,,,
2023-03-02 10:50:42.277946,Rey Christian E. Delos Reyes,Red tagging students from state universities,"""(UP AND NPA)""",@unbillybabolll,Bj Dizon,,,2021-10-05 15:39:29+00:00,45,27,Republic of the Philippines,"When it is good to be a quitter?

Sometimes the best way to move ahead in life is to admit that you had enough. That sometimes giving up something can bring a sense of relief and ease.ğŸ«¶",When it is good to be a quitterSometimes the best way to move ahead in life is to admit that you had enough That sometimes giving up something can bring a sense of relief and ease,,2023-03-01 16:21:21+00:00,https://twitter.com/unbillybabolll/status/1630966464139374593,text,0,,0,,,,,
2023-03-02 10:50:42.279937,Rey Christian E. Delos Reyes,Red tagging students from state universities,"""(UP AND NPA)""",@chrshcmps,ãƒˆãƒªã‚·ãƒ£,23. her/she. queer. aroace. anime weeb. cartoon lover. book nerd. multifandom.    å¤ªå®°ã®å¦»,,2021-12-11 08:37:27+00:00,226,54,Republic of the Philippines,"Fukuzawa risked his partnership with Mori and fought him to the death for seeing how messed up the plan is and seeing Yosano's condition ğŸ˜­ 

Fukuzawa cared for Yosano that he adopted her to the agency for Mori to never use her and her ability ever again ğŸ˜­â¤ï¸ https://t.co/Lf0Eqjhox5",Fukuzawa risked his partnership with Mori and fought him to the death for seeing how messed up the plan is and seeing Yosanos condition Fukuzawa cared for Yosano that he adopted her to the agency for Mori to never use her and her ability ever again,,2023-03-01 16:18:17+00:00,https://twitter.com/chrshcmps/status/1630965690458075137,"text, media",2,,1,,,,,
2023-03-02 10:50:42.279937,Rey Christian E. Delos Reyes,Red tagging students from state universities,"""(UP AND NPA)""",@cyriellewong,Cy,âœ¨ semper ad meliora âœ¨,,2009-03-30 07:52:46+00:00,123,3621,Republic of the Philippines,Just woke up from a very VERY long nap ğŸ˜‚ Antihistamines works wonders ğŸ˜´ #allergies,Just woke up from a very VERY long nap Antihistamines works wonders allergies,,2023-03-01 16:09:27+00:00,https://twitter.com/cyriellewong/status/1630963470115151872,"text, hashtags",12,,0,,,,,
2023-03-02 10:50:42.280939,Rey Christian E. Delos Reyes,Red tagging students from state universities,"""(UP AND NPA)""",@markhaeltin,Jedçˆ±; TXT MONTH,(https://t.co/qJLE1LFj0J)                                               only for #txt and #kep1er ğŸ¸,,2023-01-14 01:25:53+00:00,1416,801,Republic of the Philippines,"heads up!
https://t.co/bpGfe4Th0L",heads up,,2023-03-01 16:08:57+00:00,https://twitter.com/markhaeltin/status/1630963343942094848,"text, media",1,,0,,,,,
2023-03-02 10:50:42.280939,Rey Christian E. Delos Reyes,Red tagging students from state universities,"""(UP AND NPA)""",@maki_mitsu,Maki Mitsu,"Enchanted to meet you. Innovator. Educator (AIM, iACADEMY). Development Worker. INTJ/P. He/Him. ä¸‰æ©‹æ­£è²´. ğŸ‡¯ğŸ‡µğŸ‡µğŸ‡­ğŸ³ SW-5502-4249-9606",,2009-09-27 17:56:27+00:00,1279,1502,Republic of the Philippines,My students called me to talk about their project and they ended up talking about random lifestuff and jokes. ğŸ˜… Twas a good call about school work but it was also detox for me as their teacher and also knowing that they see me as someone they can trust with their holistic growth https://t.co/b34oArUokv,My students called me to talk about their project and they ended up talking about random lifestuff and jokes Twas a good call about school work but it was also detox for me as their teacher and also knowing that they see me as someone they can trust with their holistic growth,,2023-03-01 16:05:11+00:00,https://twitter.com/maki_mitsu/status/1630962395647705094,"text, media",16,,0,,,,,
2023-03-02 10:50:42.281946,Rey Christian E. Delos Reyes,Red tagging students from state universities,"""(UP AND NPA)""",@NeekoNxt2U,Nico Herrera,Dork and Dope | Smile and inspire | Deut 31:6,,2009-12-02 10:00:14+00:00,317,627,Republic of the Philippines,@justin_quitor positive na feelings hahah catch up soon please,quitor positive na feelings hahah catch up soon please,,2023-03-01 16:04:39+00:00,https://twitter.com/NeekoNxt2U/status/1630962262956720131,"text, user_mentions",0,1630961589682864128,0,,,,,
2023-03-02 10:50:42.282944,Rey Christian E. Delos Reyes,Red tagging students from state universities,"""(UP AND NPA)""",@sari_gloss,âŸ­âŸ¬ Sari âŸ¬âŸ­â·âˆAFoBangFo|LY|LYSY|PTDLA&LV|YTC Busanâˆ,ê°€ì¥ ê¹Šì€ ë°¤ì— ë” ë¹›ë‚˜ëŠ” ë³„ë¹› âˆâœ¨ğŸ’œğŸ™,,2010-04-10 07:07:14+00:00,869,656,Republic of the Philippines,"In the going 8 years I'm an ARMY, this is the worst timeline I have experienced- ppl expressing gratitude over accts sharing airport vids, vids taken from their private scheds, vids taken of whatever godd*mn thing they're doing out AND IT IS LEADING UP TO THIS.",In the going 8 years Im an ARMY this is the worst timeline I have experienced ppl expressing gratitude over accts sharing airport vids vids taken from their private scheds vids taken of whatever goddmn thing theyre doing out AND IT IS LEADING UP TO THIS,,2023-03-01 16:04:19+00:00,https://twitter.com/sari_gloss/status/1630962176637960194,text,2,1630961471244079105,0,,,,,
2023-03-02 10:50:42.283941,Rey Christian E. Delos Reyes,Red tagging students from state universities,"""(UP AND NPA)""",@angelmaenocum,â™¡ Angelica â™¡,COFFEE  â™¡ 2012 â™¡ ANIME â™¡ â™‹,,2011-10-06 11:11:55+00:00,665,577,Republic of the Philippines,"Dami kong skin care now, natuto na rin akong mag make up. Hahahah want ko na ng mga makeup, primer etc. Hahahaha! Sheeeeet. Girly kooooooo na.",Dami kong skin care now natuto na rin akong mag make up Hahahah want ko na ng mga makeup primer etc Hahahaha Sheeeeet Girly kooooooo na,,2023-03-01 16:00:14+00:00,https://twitter.com/angelmaenocum/status/1630961150270791684,text,0,,0,,,,,
2023-03-02 10:50:42.284940,Rey Christian E. Delos Reyes,Red tagging students from state universities,"""(UP AND NPA)""",@sari_gloss,âŸ­âŸ¬ Sari âŸ¬âŸ­â·âˆAFoBangFo|LY|LYSY|PTDLA&LV|YTC Busanâˆ,ê°€ì¥ ê¹Šì€ ë°¤ì— ë” ë¹›ë‚˜ëŠ” ë³„ë¹› âˆâœ¨ğŸ’œğŸ™,,2010-04-10 07:07:14+00:00,869,656,Republic of the Philippines,You quickly jump at hybe saying they dont protect them well- HYBE DOES NOT OWN EVERY DAMN COMPANY IN SK. They cant control if a Korail employee decided to fvck up sh*t for 3 years. You're just one big echo chamber of all the solo accts who pretends to care for the members.,You quickly jump at hybe saying they dont protect them well HYBE DOES NOT OWN EVERY DAMN COMPANY IN SK They cant control if a Korail employee decided to fvck up sht for 3 years Youre just one big echo chamber of all the solo accts who pretends to care for the members,,2023-03-01 15:59:09+00:00,https://twitter.com/sari_gloss/status/1630960876022009858,text,4,1630960265155186689,1,,,,,
2023-03-02 10:50:42.284940,Rey Christian E. Delos Reyes,Red tagging students from state universities,"""(UP AND NPA)""",@jademmaneja,jade,MPA | Kawani ng gobyerno | #diabadass,,2011-06-12 00:01:59+00:00,212,1139,Republic of the Philippines,"""Call It Love"" Ep 3 is now up in Disney+!",Call It Love Ep 3 is now up in Disney,,2023-03-01 15:52:54+00:00,https://twitter.com/jademmaneja/status/1630959304756072448,text,0,,0,,,,,
2023-03-02 10:50:42.287941,Rey Christian E. Delos Reyes,Red tagging students from state universities,"""(UP AND NPA)""",@gomez_matekai,"ğŸ€Karen Gomez | Sugar, We're Goin DownğŸ€","Lux in Tenebrisâœï¸
Fearfully and wonderfully made.
Weathered. Scarred. Fighter.
An alien. ğŸ‘½ #StopAsianHate",,2010-10-08 02:29:04+00:00,1069,147,Republic of the Philippines,"Yey.
True men wears make up https://t.co/KO80BYaO9J",YeyTrue men wears make up,,2023-03-01 15:50:12+00:00,https://twitter.com/gomez_matekai/status/1630958622552498176,"text, urls",0,,0,,,,,
2023-03-02 10:50:42.295939,Rey Christian E. Delos Reyes,Red tagging students from state universities,"""(UP AND NPA)""",@angelmaenocum,â™¡ Angelica â™¡,COFFEE  â™¡ 2012 â™¡ ANIME â™¡ â™‹,,2011-10-06 11:11:55+00:00,665,577,Republic of the Philippines,Need pa mag tanggal ng make up huhu. Kaya natin yan cyst,Need pa mag tanggal ng make up huhu Kaya natin yan cyst,,2023-03-01 15:44:50+00:00,https://twitter.com/angelmaenocum/status/1630957274389958657,text,0,1630957200662478849,0,,,,,
2023-03-02 10:50:42.300943,Rey Christian E. Delos Reyes,Red tagging students from state universities,"""(UP AND NPA)""",@yansibree,B.R.E.E.ğŸ³ï¸â€ğŸŒˆ ğŸ’–âœŠğŸ»ğŸ‡µğŸ‡­,Digital Marketer. Occasional Writer. Pop Culture. Music. Art. Regine Velasquez is my Queen. Mariah is my Goddess. 5'11. Virgo. Moody. 7 years ng Single. Virgin.,,2009-03-14 06:13:43+00:00,2454,861,Republic of the Philippines,"Fell asleep after dinner, just woke up and immediately watched #DirtyLinen (sooo good) and surprisingly, the Zanjoe-@janinegutierrez chemistry is growing on me (that girl can act btw! ğŸ‘ğŸ»)

Now Im thinking of going back home to Makati now coz grab fare is a bit cheaper, hmm. ğŸ¤”",Fell asleep after dinner just woke up and immediately watched DirtyLinen sooo good and surprisingly the Zanjoe chemistry is growing on me that girl can act btw Now Im thinking of going back home to Makati now coz grab fare is a bit cheaper hmm,,2023-03-01 15:42:07+00:00,https://twitter.com/yansibree/status/1630956590751973377,"text, hashtags, user_mentions",1,,0,,,,,
2023-03-02 10:50:42.302939,Rey Christian E. Delos Reyes,Red tagging students from state universities,"""(UP AND NPA)""",@stickwittyou,TimAbreo Pada,ğŸ“¸ Nature Lover. ğŸŒ´ GSC X DGTE,,2011-01-21 12:35:50+00:00,194,381,Republic of the Philippines,@iTeddyGoy Hapdosa ana oy! Wa ka nagpacheck up?,Hapdosa ana oy Wa ka nagpacheck up,,2023-03-01 15:37:23+00:00,https://twitter.com/stickwittyou/status/1630955400865673216,"text, user_mentions",0,1630955017313337344,0,,,,,
2023-03-02 10:50:42.303938,Rey Christian E. Delos Reyes,Red tagging students from state universities,"""(UP AND NPA)""",@redalfanta,Red (Taylor's Version),Gotta find that direction soon â€¢ @rosso_dump ğŸŒ¸,,2022-08-22 14:55:34+00:00,101,70,Republic of the Philippines,"One way or another, sooner or later, Iâ€™d have to end up in Baguio.",One way or another sooner or later Id have to end up in Baguio,,2023-03-01 15:34:24+00:00,https://twitter.com/redalfanta/status/1630954646746578945,text,0,,0,,,,,
2023-03-02 10:50:42.305937,Rey Christian E. Delos Reyes,Red tagging students from state universities,"""(UP AND NPA)""",@leeka_wu,Leeka  Wu,"å‡±å‡±, 25, 1/2 ğŸ‡¹ğŸ‡¼ 1/2 ğŸ‡µğŸ‡­, ğŸ’›â¤xğŸ’š",,2012-04-20 13:28:51+00:00,949,312,Republic of the Philippines,Kung gumivr up ako this life pwede bang mag request sa universe na sa pwedeng bumawi ang mapupuntahan ko ğŸ¤”ğŸ˜¶,Kung gumivr up ako this life pwede bang mag request sa universe na sa pwedeng bumawi ang mapupuntahan ko,,2023-03-01 15:31:52+00:00,https://twitter.com/leeka_wu/status/1630954012152569857,text,0,,0,,,,,
2023-03-02 10:50:42.307941,Rey Christian E. Delos Reyes,Red tagging students from state universities,"""(UP AND NPA)""",@Markjanvalles,marck,prove them wrong | 2006,,2020-02-22 12:00:04+00:00,102,103,Republic of the Philippines,thankyou cassy for cheering me up,thankyou cassy for cheering me up,,2023-03-01 15:30:19+00:00,https://twitter.com/Markjanvalles/status/1630953622141030401,text,0,,0,,,,,
2023-03-02 10:50:42.312936,Rey Christian E. Delos Reyes,Red tagging students from state universities,"""(UP AND NPA)""",@maico25_,maico â˜•,â˜•ï¸,,2019-02-18 17:46:49+00:00,451,68,Republic of the Philippines,Woke up late. #sologaming https://t.co/naQzQHbaiK,Woke up late sologaming,,2023-03-01 15:24:19+00:00,https://twitter.com/maico25_/status/1630952111038164992,"text, hashtags, media",0,,0,,,,,
2023-03-02 10:50:42.313944,Rey Christian E. Delos Reyes,Red tagging students from state universities,"""(UP AND NPA)""",@GailTigley,_beagaileyyğŸ’œ #BEAMyFaveKapitana,,,2022-04-22 12:00:41+00:00,1083,426,Republic of the Philippines,wine up ğŸ·ğŸ˜…ğŸ˜ https://t.co/v5BoInFE0s,wine up,,2023-03-01 15:17:47+00:00,https://twitter.com/GailTigley/status/1630950466464145408,"text, media",7,,0,,,,,
2023-03-02 10:50:42.316950,Rey Christian E. Delos Reyes,Red tagging students from state universities,"""(UP AND NPA)""",@Count_Robyn,Count Robyn,Autodidact. Fear nothing but God.,,2011-07-06 04:31:58+00:00,62,528,Republic of the Philippines,"â€œTo be broke is not a problem itâ€™s solvable, to be broke in the mind is a real problem.â€

The rest is up to you.",To be broke is not a problem its solvable to be broke in the mind is a real problemThe rest is up to you,,2023-03-01 15:15:28+00:00,https://twitter.com/Count_Robyn/status/1630949882361180161,text,0,1630949877432860674,0,,,,,
2023-03-02 10:50:42.316950,Rey Christian E. Delos Reyes,Red tagging students from state universities,"""(UP AND NPA)""",@dlrfigueroa,dumz ğŸŒŠğŸ’›,,,2011-10-25 05:43:38+00:00,1166,377,Republic of the Philippines,Grabe @joshinicism all over the stat sheet! What a way to start your birth month! ğŸ˜ŠğŸ¯ğŸ’› Congrats and keep it up! https://t.co/dpSlxbVMsZ,Grabe all over the stat sheet What a way to start your birth month Congrats and keep it up,,2023-03-01 15:15:09+00:00,https://twitter.com/dlrfigueroa/status/1630949802480668672,"text, user_mentions, urls",3,,0,,,,,
2023-03-02 10:50:42.317936,Rey Christian E. Delos Reyes,Red tagging students from state universities,"""(UP AND NPA)""",@jsscarql,jessica â™¡,Honeymoon Avenue ğŸŒ™,,2015-01-08 07:13:08+00:00,157,303,Republic of the Philippines,"me: sana sa susunod na up fair nandon si jk kumakanta habang nasa tabi ko ang jk ko.. 
ja: sa likod mo ko non, backhug sayo.

ğŸ¥¹ğŸ’œ aguy nalang talaga sir. ğŸ’œ",me sana sa susunod na up fair nandon si jk kumakanta habang nasa tabi ko ang jk ko ja sa likod mo ko non backhug sayo aguy nalang talaga sir,,2023-03-01 15:13:31+00:00,https://twitter.com/jsscarql/status/1630949391082348544,text,1,,0,,,,,
2023-03-02 10:50:42.318943,Rey Christian E. Delos Reyes,Red tagging students from state universities,"""(UP AND NPA)""",@JohnMargena,John Margena,Chasing Dreams ğŸ™ğŸ‘,,2021-01-28 04:24:29+00:00,303,84,Republic of the Philippines,just woke up... akala ko umaga na... gabi pa pala,just woke up akala ko umaga na gabi pa pala,,2023-03-01 14:44:43+00:00,https://twitter.com/JohnMargena/status/1630942144050638849,text,0,,0,,,,,
2023-03-02 10:50:42.318943,Rey Christian E. Delos Reyes,Red tagging students from state universities,"""(UP AND NPA)""",@jasilogg,Joana,Work in progress. Check back soon.,,2017-10-13 03:02:42+00:00,101,124,Republic of the Philippines,"How will you know when itâ€™s time to give up, stop forcing things to happen and just let everything go?",How will you know when its time to give up stop forcing things to happen and just let everything go,,2023-03-01 14:38:21+00:00,https://twitter.com/jasilogg/status/1630940540891197440,text,1,,0,,,,,
2023-03-02 10:50:42.319940,Rey Christian E. Delos Reyes,Red tagging students from state universities,"""(UP AND NPA)""",@AlexieUbanan,xene.,phlegmatic.,,2022-04-25 11:26:58+00:00,30,35,Republic of the Philippines,"Grab dayun kos opportunity oyyyy naunseeee kasayang ba ana, mao nani sguro maka pa glow up sako ers HAHAHAHAHAHA",Grab dayun kos opportunity oyyyy naunseeee kasayang ba ana mao nani sguro maka pa glow up sako ers HAHAHAHAHAHA,,2023-03-01 14:11:31+00:00,https://twitter.com/AlexieUbanan/status/1630933789672361985,text,0,,0,,,,,
2023-03-02 10:50:42.320945,Rey Christian E. Delos Reyes,Red tagging students from state universities,"""(UP AND NPA)""",@havanalonana,STREAM BESTFRIEND EVER,fangirling is lyf E.L.F. | Shawol | NCTzen | Polca | Babii ğŸŒˆ,,2018-08-12 08:04:25+00:00,536,126,Republic of the Philippines,It was mine too. I prayed so hard that they would end up together despite it being a mahae au. https://t.co/zv1hL4E7YC,It was mine too I prayed so hard that they would end up together despite it being a mahae au,,2023-03-01 14:03:55+00:00,https://twitter.com/havanalonana/status/1630931877786972160,"text, urls",1,,0,,,,,
2023-03-02 10:50:42.321939,Rey Christian E. Delos Reyes,Red tagging students from state universities,"""(UP AND NPA)""",@_blockingyou,â€¢ MEWitty ğŸ’«ğŸ¸ğŸ¦‹,"|| MEWSUPPASIT â€¢ BLACKLIST â€¢ MEWLIONS ||                If u can't respect Mew as an individual, then just fuck off || I'm always after for Mew's happiness ğŸ¼ğŸ¦",,2021-03-03 02:30:49+00:00,241,345,Republic of the Philippines,"Potahhhhh. Di ako maka keep up !!!!

#LoveIsLikeaCat https://t.co/Ay8JkrRT2F https://t.co/zlSvdPxWCw",Potahhhhh Di ako maka keep up LoveIsLikeaCat,,2023-03-01 13:56:23+00:00,https://twitter.com/_blockingyou/status/1630929980875247618,"text, hashtags, urls, media",1,,0,,,,,
2023-03-02 10:50:42.321939,Rey Christian E. Delos Reyes,Red tagging students from state universities,"""(UP AND NPA)""",@badasskeyaaa,taurusbaby,fragileâš ï¸,,2022-08-25 05:58:22+00:00,12,9,Republic of the Philippines,YOU MESSED ME UP,YOU MESSED ME UP,,2023-03-01 13:51:23+00:00,https://twitter.com/badasskeyaaa/status/1630928722659540992,text,0,,0,,,,,
2023-03-02 10:50:42.321939,Rey Christian E. Delos Reyes,Red tagging students from state universities,"""(UP AND NPA)""",@noami888,Noami  Nacasabog,,,2010-02-22 00:38:50+00:00,501,150,Republic of the Philippines,Iâ€™m being nice to you so whatâ€™s up?! https://t.co/lqfsY7ky0K,Im being nice to you so whats up,,2023-03-01 13:45:11+00:00,https://twitter.com/noami888/status/1630927161371803649,"text, media",0,,0,,,,,
2023-03-02 10:50:42.322939,Rey Christian E. Delos Reyes,Red tagging students from state universities,"""(UP AND NPA)""",@RichFlavored,RichLamador,"Burstin' with Fruit Flavors!
He / Him",,2009-05-03 00:45:03+00:00,493,293,Republic of the Philippines,"There needs to be someone to do a follow up report as to what happened to the victims and perpetrators of the Laglag Bala controversy, or were they just crisis actors?",There needs to be someone to do a follow up report as to what happened to the victims and perpetrators of the Laglag Bala controversy or were they just crisis actors,,2023-03-01 13:44:12+00:00,https://twitter.com/RichFlavored/status/1630926916751605760,text,1,1630926913324879879,0,,,,,
2023-03-02 10:50:42.324952,Rey Christian E. Delos Reyes,Red tagging students from state universities,"""(UP AND NPA)""",@emmanskie88,ï£« IG: emmansanity â™†,âœ¨Demi-God â˜ ï¸Syndrigast âš¡ï¸PotterHead ğŸ˜‡Fallen Angel â™ˆï¸House Aries â˜„ï¸Elysian ğŸ¦ & ğŸ‘»: @emmanskie88,,2009-07-25 08:54:53+00:00,190,136,Republic of the Philippines,"Hoy! registered na mga Sim ko, apat yun hoy! Hahaha 

1 Globe Postpaid
3 Smart Prepaid (back up sa phone, back up home wifi and pocket wifi) all on Magic Data",Hoy registered na mga Sim ko apat yun hoy Hahaha 1 Globe Postpaid3 Smart Prepaid back up sa phone back up home wifi and pocket wifi all on Magic Data,,2023-03-01 13:40:19+00:00,https://twitter.com/emmanskie88/status/1630925937893322752,text,0,,0,,,,,
2023-03-02 10:50:42.325937,Rey Christian E. Delos Reyes,Red tagging students from state universities,"""(UP AND NPA)""",@PW1823,passerby,NSFW ğŸ” a cpf turtle passionfruit bastard shipper account; block me and please dont follow,,2021-12-20 14:34:50+00:00,12,14,Republic of the Philippines,crying sobbing throwing up wailing on the floor pLS i just got back from work and now i wanna cry for an entirely different reason arGh my heart would always go soft for this cute cute man ğŸ˜­ğŸ˜­ğŸ˜­ https://t.co/hDVfSReOBa,crying sobbing throwing up wailing on the floor pLS i just got back from work and now i wanna cry for an entirely different reason arGh my heart would always go soft for this cute cute man,,2023-03-01 13:35:07+00:00,https://twitter.com/PW1823/status/1630924628628766721,"text, media",0,,0,,,,,
2023-03-02 10:51:40.957402,Rey Christian E. Delos Reyes,Red tagging students from state universities,"""NPA"",""PUP"",""University of the Philippines"",""(state university NPA)"",""(UP AND NPA)"",""(PUP AND NPA)"",""(NPA AND breeding AND ground)"",""terorista"",""komunista"",""CPP-NPA-NDF""",@thisjustinne,Justinne Punsalang,Fake news warrior. Journalist by profession. Theater artist by passion. Storyteller by nature.,,2015-03-26 04:20:01+00:00,1466,1920,Republic of the Philippines,"Kilalang Jose Rizal expert si Ibrahim, bukod pa sa kanyang malalim na kaalaman sa economics, democracy, freedom, governance, at Islam and democracy. Nakatakda rin siyang gawaran ng Doctor of Laws, honoris causa, ng University of the Philippines | @News5PH @onenewsph",Kilalang Jose Rizal expert si Ibrahim bukod pa sa kanyang malalim na kaalaman sa economics democracy freedom governance at Islam and democracy Nakatakda rin siyang gawaran ng Doctor of Laws honoris causa ng University of the Philippines,,2023-03-02 01:49:15+00:00,https://twitter.com/thisjustinne/status/1631109378526035968,"text, user_mentions",2,1631107237145116680,2,,,,,
2023-03-02 10:51:40.962394,Rey Christian E. Delos Reyes,Red tagging students from state universities,"""NPA"",""PUP"",""University of the Philippines"",""(state university NPA)"",""(UP AND NPA)"",""(PUP AND NPA)"",""(NPA AND breeding AND ground)"",""terorista"",""komunista"",""CPP-NPA-NDF""",@nababaha,Mahar Lagmay,"Disaster scientist, UP Professor, dashing husband :-) and father to three munchkins. Driver of UP NOAH.",,2010-10-26 02:28:37+00:00,1425,70944,Republic of the Philippines,"Just finished a Nebula-hopping session with Geology 1 and Geology undergrad students. They saw 5 Nebulae and 1 Comet this evening. Itâ€™s the first time for them to see Deep Sky Objects (DSOs) and a Comet.

@ National Institute of Geological Science, University of the Philippines https://t.co/3xRkC9YNyV",Just finished a Nebulahopping session with Geology 1 and Geology undergrad students They saw 5 Nebulae and 1 Comet this evening Its the first time for them to see Deep Sky Objects DSOs and a Comet National Institute of Geological Science University of the Philippines,,2023-03-01 13:37:27+00:00,https://twitter.com/nababaha/status/1630925217240616960,"text, media",152,,9,,,,,
2023-03-02 10:51:40.962394,Rey Christian E. Delos Reyes,Red tagging students from state universities,"""NPA"",""PUP"",""University of the Philippines"",""(state university NPA)"",""(UP AND NPA)"",""(PUP AND NPA)"",""(NPA AND breeding AND ground)"",""terorista"",""komunista"",""CPP-NPA-NDF""",@BloodyMary1926,Mary Frances Chiloe Noble,Die in Sunken Cemetery at the age 1026,,2022-04-17 15:36:21+00:00,359,0,Republic of the Philippines,Know Wonder . Why I can't Pass UP. (University of PHILIPPINES) ? Why Government I can't Surpass in the Government? . Sagad man ako. MAG into ahha ğŸ«¢ğŸ«£,Know Wonder Why I cant Pass UP University of PHILIPPINES Why Government I cant Surpass in the Government Sagad man ako MAG into ahha,,2023-02-28 12:24:26+00:00,https://twitter.com/BloodyMary1926/status/1630544452271095811,text,0,,0,,,,,
2023-03-02 10:51:40.963407,Rey Christian E. Delos Reyes,Red tagging students from state universities,"""NPA"",""PUP"",""University of the Philippines"",""(state university NPA)"",""(UP AND NPA)"",""(PUP AND NPA)"",""(NPA AND breeding AND ground)"",""terorista"",""komunista"",""CPP-NPA-NDF""",@WhenInManila,WhenInManila.com,"The heartbeat of Manila and the Philippines. MILLIONS of views per day! Get featured, partnerships, stories & more info: https://t.co/A8ebZ8Q1YL #WIMsquad",,2009-05-05 13:13:33+00:00,173,68947,Republic of the Philippines,"Puerta del Parian is located beside the Lyceum of the Philippines University, and inside the gate is the ASEAN Gardens ğŸŒ³

Full video at: https://t.co/B9iPVsuv50

#wheninmanila https://t.co/Rcp9PHHIDy",Puerta del Parian is located beside the Lyceum of the Philippines University and inside the gate is the ASEAN Gardens Full video at wheninmanila,,2023-02-25 18:24:09+00:00,https://twitter.com/WhenInManila/status/1629547814177976325,"text, hashtags, urls, media",0,,0,,,,,
2023-03-02 10:51:40.963407,Rey Christian E. Delos Reyes,Red tagging students from state universities,"""NPA"",""PUP"",""University of the Philippines"",""(state university NPA)"",""(UP AND NPA)"",""(PUP AND NPA)"",""(NPA AND breeding AND ground)"",""terorista"",""komunista"",""CPP-NPA-NDF""",@BloodyMary1926,Mary Frances Chiloe Noble,Die in Sunken Cemetery at the age 1026,,2022-04-17 15:36:21+00:00,359,0,Republic of the Philippines,You want Hell Product. Seriously? Tell me. I always Cry at University of the Philippines,You want Hell Product Seriously Tell me I always Cry at University of the Philippines,,2023-02-21 23:14:54+00:00,https://twitter.com/BloodyMary1926/status/1628171434588778497,text,0,,0,,,,,
2023-03-02 10:51:40.964390,Rey Christian E. Delos Reyes,Red tagging students from state universities,"""NPA"",""PUP"",""University of the Philippines"",""(state university NPA)"",""(UP AND NPA)"",""(PUP AND NPA)"",""(NPA AND breeding AND ground)"",""terorista"",""komunista"",""CPP-NPA-NDF""",@LPUManila,LPU Manila OFFICIAL,,,2011-12-01 01:28:03+00:00,190,18039,Republic of the Philippines,"and research endeavor of the Lyceum of the Philippines University, Manila.

The new library is open to the entire Lycean community and caters to learners with its vast collection and learning spaces. Visit the New SHL ARC Library now! #LearnDifferentLiveDifferent",and research endeavor of the Lyceum of the Philippines University ManilaThe new library is open to the entire Lycean community and caters to learners with its vast collection and learning spaces Visit the New SHL ARC Library now LearnDifferentLiveDifferent,,2023-02-20 10:33:05+00:00,https://twitter.com/LPUManila/status/1627617327851380736,"text, hashtags",0,1627617324919570433,0,,,,,
2023-03-02 10:51:40.965390,Rey Christian E. Delos Reyes,Red tagging students from state universities,"""NPA"",""PUP"",""University of the Philippines"",""(state university NPA)"",""(UP AND NPA)"",""(PUP AND NPA)"",""(NPA AND breeding AND ground)"",""terorista"",""komunista"",""CPP-NPA-NDF""",@deyb_smama,_ jaÊb,á´›Ê€á´œêœ±á´› á´›Êœá´‡ á´˜Ê€á´á´„á´‡êœ±êœ±âœ¨,,2021-03-05 14:22:14+00:00,588,687,Republic of the Philippines,"ğŸ«¶
  - CAS Week 
ğŸ“ University of the Philippines - Miagao https://t.co/w3xueOYEiu",CAS Week University of the Philippines Miagao,,2023-02-20 10:29:05+00:00,https://twitter.com/deyb_smama/status/1627616320442494976,"text, media",0,,0,,,,,
2023-03-02 10:51:40.965390,Rey Christian E. Delos Reyes,Red tagging students from state universities,"""NPA"",""PUP"",""University of the Philippines"",""(state university NPA)"",""(UP AND NPA)"",""(PUP AND NPA)"",""(NPA AND breeding AND ground)"",""terorista"",""komunista"",""CPP-NPA-NDF""",@BloodyMary1926,Mary Frances Chiloe Noble,Die in Sunken Cemetery at the age 1026,,2022-04-17 15:36:21+00:00,359,0,Republic of the Philippines,My sister will take an exam on march 5 University of Philippines (UP) so the (UP--- United States of America)  was hit . I hate the bday of JD. Find its abbreviation ğŸ˜‚ğŸ˜‚ğŸ˜‚,My sister will take an exam on march 5 University of Philippines UP so the UP United States of America was hit I hate the bday of JD Find its abbreviation,,2023-02-20 09:25:47+00:00,https://twitter.com/BloodyMary1926/status/1627600390920499200,text,0,,0,,,,,
2023-03-02 11:20:01.224972,Rey Christian E. Delos Reyes,Red tagging students from state universities,"""NPA"",""PUP"",""University of the Philippines"",""(state university NPA)"",""(UP AND NPA)"",""(PUP AND NPA)"",""(NPA AND breeding AND ground)"",""terorista"",""komunista"",""CPP-NPA-NDF""",@thisjustinne,Justinne Punsalang,Fake news warrior. Journalist by profession. Theater artist by passion. Storyteller by nature.,,2015-03-26 04:20:01+00:00,1466,1920,Republic of the Philippines,"Kilalang Jose Rizal expert si Ibrahim, bukod pa sa kanyang malalim na kaalaman sa economics, democracy, freedom, governance, at Islam and democracy. Nakatakda rin siyang gawaran ng Doctor of Laws, honoris causa, ng University of the Philippines | @News5PH @onenewsph",Kilalang Jose Rizal expert si Ibrahim bukod pa sa kanyang malalim na kaalaman sa economics democracy freedom governance at Islam and democracy Nakatakda rin siyang gawaran ng Doctor of Laws honoris causa ng University of the Philippines,,2023-03-02 01:49:15+00:00,https://twitter.com/thisjustinne/status/1631109378526035968,"text, user_mentions",2,1631107237145116680,2,,,,,
